行政处罚决定书文号,单位名称,法定代表人姓名,个人姓名,主要违法违规事实（案由）,行政处罚依据,行政处罚决定,金额（万元）,作出处罚决定的机关名称,作出处罚决定的日期,链接地址
银保监罚决字〔2019〕24号,交通银行股份有限公司,彭纯,,（一）授信审批不审慎；（二）总行对分支机构管控不力承担管理责任。,《中华人民共和国银行业监督管理法》第二十一条、《中华人民共和国银行业监督管理法》第四十六条第（五）项的规定和相关内控管理和业务审慎经营规则。,罚款合计150万元。,150,中国银行保险监督管理委员会,2019年12月27日,http://www.cbirc.gov.cn/cn/view/pages/ItemDetail.html?docId=883819&itemId=4113&generaltype=9
银保监罚决字〔2019〕23号,中国光大银行股份有限公司,李晓鹏,,（一）授信审批不审慎；（二）为还款来源不清晰的项目办理业务；（三）总行对分支机构管控不力承担管理责任。,《中华人民共和国银行业监督管理法》第二十一条、《中华人民共和国银行业监督管理法》第四十六条第（五）项的规定和相关内控管理和业务审慎经营规则。,罚款合计180万元。,180,中国银行保险监督管理委员会,2019年12月27日,http://www.cbirc.gov.cn/cn/view/pages/ItemDetail.html?docId=883813&itemId=4113&generaltype=9
银保监罚决字〔2019〕22号,中国建设银行股份有限公司,田国立,,（一）用于风险缓释的保证金管理存在漏洞；（二）国别风险管理不完善。,《中华人民共和国银行业监督管理法》第二十一条、《中华人民共和国银行业监督管理法》第四十六条第（五）项的规定和相关内控管理和业务审慎经营规则。,罚款合计80万元。,80,中国银行保险监督管理委员会,2019年12月27日,http://www.cbirc.gov.cn/cn/view/pages/ItemDetail.html?docId=883805&itemId=4113&generaltype=9
银保监罚决字〔2019〕14号,,,利明献（广发银行时任行长、执行董事）,对广发银行以下违法违规事实负有责任:（一）合规经营类与风险管理类指标设置不合规；（二）案件防控工作不尽职；（三）对稽核发现的轮岗问题督促整改不尽职；（四）员工行为管理不尽职。,《中华人民共和国银行业监督管理法》第二十一条、第四十八条和相关内控管理、案件防控规定。,警告。,,中国银行保险监督管理委员会,2019年8月1日,http://www.cbirc.gov.cn/cn/view/pages/ItemDetail.html?docId=848784&itemId=4113&generaltype=9
银保监罚决字〔2019〕13号,,,董建岳（广发银行时任董事长）,对广发银行以下违法违规事实负有责任:（一）合规经营类与风险管理类指标设置不合规；（二）案件防控工作不尽职；（三）对稽核发现的轮岗问题督促整改不尽职；（四）员工行为管理不尽职。,《中华人民共和国银行业监督管理法》第二十一条、第四十八条和相关内控管理、案件防控规定。,警告。,,中国银行保险监督管理委员会,2019年8月1日,http://www.cbirc.gov.cn/cn/view/pages/ItemDetail.html?docId=848783&itemId=4113&generaltype=9
银保监罚决字〔2019〕8号,,,穆矢（浦发银行时任副行长）,浦发银行对成都分行授信业务及整改情况严重失察，当事人对该项违法违规事实负有责任。,《中华人民共和国商业银行法》第六十条，《中华人民共和国银行业监督管理法》第二十一条、第四十八条和相关内控管理规定。,警告并处罚款30万元。,30,中国银行保险监督管理委员会,2019年6月24日,http://www.cbirc.gov.cn/cn/view/pages/ItemDetail.html?docId=848782&itemId=4113&generaltype=9
银保监罚决字〔2019〕9号,,,朱玉辰（浦发银行时任行长、副董事长）,对浦发银行以下违法违规事实负有责任:（一）对成都分行授信业务及整改情况严重失察；（二）重大审计发现未向监管部门报告；（三）轮岗制度执行不力。,《中华人民共和国商业银行法》第六十条，《中华人民共和国银行业监督管理法》第二十一条、第四十八条和相关内控管理规定。,警告并处罚款20万元。,20,中国银行保险监督管理委员会,2019年6月24日,http://www.cbirc.gov.cn/cn/view/pages/ItemDetail.html?docId=848781&itemId=4113&generaltype=9
银保监罚决字〔2019〕6号,,,吉晓辉（浦发银行时任董事长）,对浦发银行以下违法违规事实负有责任:（一）对成都分行授信业务及整改情况严重失察；（二）重大审计发现未向监管部门报告；（三）轮岗制度执行不力。,《中华人民共和国商业银行法》第六十条，《中华人民共和国银行业监督管理法》第二十一条、第四十八条和相关内控管理规定。,警告并处罚款20万元。,20,中国银行保险监督管理委员会,2019年6月24日,http://www.cbirc.gov.cn/cn/view/pages/ItemDetail.html?docId=848780&itemId=4113&generaltype=9
银保监罚决字〔2019〕7号,,,,（一）对成都分行授信业务及整改情况严重失察；（二）重大审计发现未向监管部门报告；（三）轮岗制度执行不力。,《中华人民共和国商业银行法》第六十条，《中华人民共和国银行业监督管理法》第二十一条、第四十六条和相关内控管理规定。,罚款合计130万元。,130,中国银行保险监督管理委员会,2019年6月24日,http://www.cbirc.gov.cn/cn/view/pages/ItemDetail.html?docId=848779&itemId=4113&generaltype=9
银保监罚决字〔2019〕12号,中信银行股份有限公司,李庆萍,,（一）未按规定提供报表且逾期未改正;（二）错报、漏报银行业监管统计资料；（三）未向监管部门报告重要信息系统运营中断事件;（四）信息系统控制存在较大安全漏洞，未做到有效的安全控制;（五）未按企业划型标准将多家企业划分为小微型企业，报送监管数据不真实;（六）向关系人发放信用贷款、向关系人发放担保贷款的条件优于其他借款人同类贷款条件;（七）重大关联交易未按规定审查审批且未向监管部门报告;（八）贷后管理不到位导致贷款资金被挪用;（九）以流动资金贷款名义发放房地产开发贷款;（十）未将房地产企业贷款计入房地产开发贷款科目;（十一）投资同一家银行机构同期非保本理财产品采用风险权重不一致;（十二）购买非保本理财产品签订可提前赎回协议，未准确计量风险加权资产;（十三）未按规定计提资产支持证券业务的风险加权资产。,《银行业监管统计管理暂行办法》（中国银监会令2004年第6号）第八条、第三十六条，《流动资金贷款管理暂行办法》（中国银行会令2010年第1号）第九条、第三十九条，《商业银行与内部人和股东关联交易管理办法》（中国银监会令2004年第3号）第二十二条、第二十五条、第四十二条、第四十四条，《商业银行资本管理办法（试行）》（中国银监会令2012年第1号）第一百七十八条、附件9第二条，《中华人民共和国商业银行法》第四十条、第七十四条，《中华人民共和国银行业监督管理法》第二十一条、第四十六条、第四十七条的规定和相关内控管理和业务审慎经营规则。,没收违法所得33.6677万元，罚款2190万元，合计2223.6677万元。,2223.6677,中国银行保险监督管理委员会,2019年7月3日,http://www.cbirc.gov.cn/cn/view/pages/ItemDetail.html?docId=231843&itemId=4113&generaltype=9
银保监罚决字〔2019〕11号,中国邮政储蓄银行股份有限公司,张金良,,（一）未按监管要求对代理营业机构进行考核；（二）劳务派遣工违规担任综合柜员；（三）员工信息管理不到位；（四）未按规定开展审计工作。,"《中华人民共和国银行业监督管理法》第二十一条,《中华人民共和国银行业监督管理法》第四十六条第五项的规定和相关内控管理和业务审慎经营规则。",罚款合计140万元。,140,中国银行保险监督管理委员会,2019年7月3日,http://www.cbirc.gov.cn/cn/view/pages/ItemDetail.html?docId=231747&itemId=4113&generaltype=9
银保监银罚决字〔2018〕14号,中信银行股份有限公司,李庆萍,,（一）理财资金违规缴纳土地款；（二）自有资金融资违规缴纳土地款；（三）为非保本理财产品提供保本承诺；（四）本行信贷资金为理财产品提供融资；（五）收益权转让业务违规提供信用担保；（六）项目投资审核严重缺位。,（一）《中国人民银行中国银行业监督管理委员会关于加强商业性房地产信贷管理的通知》第二条，《中国人民银行中国银行业监督管理委员会关于金融促进节约集约用地的通知》第二条，《中国银监会关于规范商业银行理财业务投资运作有关问题的通知》第四条，《中华人民共和国银行业监督管理法》第二十一条、第四十六条；（二）《中国人民银行中国银行业监督管理委员会关于加强商业性房地产信贷管理的通知》第二条，《中国人民银行中国银行业监督管理委员会关于金融促进节约集约用地的通知》第二条，《中华人民共和国银行业监督管理法》第二十一条、第四十六条；（三）《商业银行理财产品销售管理办法》第十三条、第三十七条、第六十条，《商业银行内部控制指引》第十五条，《中华人民共和国银行业监督管理法》第二十一条、第四十六条；（四）《中国银监会关于完善银行理财业务组织管理体系有关事项的通知》第三条，《中华人民共和国银行业监督管理法》第二十一条、第四十六条；（五）《中国银监会办公厅关于规范银行业金融机构信贷资产收益权转让业务的通知》第二条，《中华人民共和国银行业监督管理法》第二十一条、第四十六条；（六）《国务院关于调整和完善固定资产投资项目资本金制度的通知》第三条，《中国银监会关于规范商业银行理财业务投资运作有关问题的通知》第四条，《中华人民共和国银行业监督管理法》第二十一条、第四十六条。,罚款2280万元。,2280,中国银行保险监督管理委员会,2018年11月19日,http://www.cbirc.gov.cn/cn/view/pages/ItemDetail.html?docId=196429&itemId=4113&generaltype=9
银保监银罚决字〔2018〕13号,交通银行股份有限公司,彭纯,,并购贷款占并购交易价款比例不合规；并购贷款尽职调查和风险评估不到位。,《商业银行并购贷款风险管理指引》第十条、第十七条、第二十一条，《中华人民共和国银行业监督管理法》第二十一条、第四十六条。,罚款50万元。,50,中国银行保险监督管理委员会,2018年11月9日,http://www.cbirc.gov.cn/cn/view/pages/ItemDetail.html?docId=196044&itemId=4113&generaltype=9
银保监银罚决字〔2018〕12号,交通银行股份有限公司,彭纯,,（一）不良信贷资产未洁净转让、理财资金投资本行不良信贷资产收益权；（二）未尽职调查并使用自有资金垫付承接风险资产；（三）档案管理不到位、内控管理存在严重漏洞；（四）理财资金借助保险资管渠道虚增本行存款规模；（五）违规向土地储备机构提供融资；（六）信贷资金违规承接本行表外理财资产；（七）理财资金违规投资项目资本金；（八）部分理财产品信息披露不合规；（九）现场检查配合不力。,（一）《中国银监会关于进一步推进改革发展加强风险防范的通知》第一条，《中华人民共和国银行业监督管理法》第二十一条、第四十六条；（二）《商业银行内部控制指引》（银监会令2007年第6号）第三十八条、第四十六条，《商业银行内部控制指引》（银监发〔2014〕40号）第五条、第十五条，《中华人民共和国银行业监督管理法》第二十一条、第四十六条；（三）《商业银行内部控制指引》第四条、第十七条、第二十三条，《中华人民共和国银行业监督管理法》第二十一条、第四十六条；（四）《中国银监会关于进一步加强商业银行理财业务风险管理有关问题的通知》第六条，《中华人民共和国商业银行法》第四十七条、第七十四条；（五）《中国银监会办公厅关于加强信托公司房地产业务监管有关问题的通知》第四条，《中华人民共和国银行业监督管理法》第二十一条、第四十六条；（六）《中国银监会关于完善银行理财业务组织管理体系有关事项的通知》第三条，《中华人民共和国银行业监督管理法》第二十一条、第四十六条；（七）《国务院关于固定资产投资项目试行资本金制度的通知》第二条，《国务院关于调整固定资产投资项目资本金比例的通知》第一条，《固定资产贷款管理暂行办法》第九条，《国务院关于调整和完善固定资产投资项目资本金制度的通知》第一条、第三条，《中华人民共和国银行业监督管理法》第二十一条、第四十六条；（八）《商业银行理财产品销售管理办法》第十三条、第二十二条，《中国银监会关于进一步加强商业银行理财业务风险管理有关问题的通知》第三条，《中国银监会关于规范商业银行理财业务投资运作有关问题的通知》第三条，《中华人民共和国银行业监督管理法》第二十一条、第四十六条；（九）《中华人民共和国商业银行法》第六十二条，《中华人民共和国银行业监督管理法》第三十三条、第三十四条、第四十六条。,罚款690万元。,690,中国银行保险监督管理委员会,2018年11月9日,http://www.cbirc.gov.cn/cn/view/pages/ItemDetail.html?docId=195467&itemId=4113&generaltype=9
银保监银罚决字〔2018〕11号,浙商银行股份有限公司,沈仁康,,（一）投资同业理财产品未尽职审查；（二）为客户缴交土地出让金提供理财资金融资；（三）投资非保本理财产品违规接受回购承诺；（四）理财产品销售文本使用误导性语言；（五）个人理财资金违规投资；（六）理财产品相互交易，业务风险隔离不到位；（七）为非保本理财产品提供保本承诺。,（一）《关于规范金融机构同业业务的通知》第十二条，《中华人民共和国银行业监督管理法》第二十一条、第四十六条；（二）《中国人民银行中国银行业监督管理委员会关于加强商业性房地产信贷管理的通知》第二条，《中国人民银行中国银行业监督管理委员会关于金融促进节约集约用地的通知》第二条，《中国银监会关于规范商业银行理财业务投资运作有关问题的通知》第四条，《中华人民共和国银行业监督管理法》第二十一条、第四十六条；（三）《关于规范金融机构同业业务的通知》第七条、第十二条，《中华人民共和国银行业监督管理法》第二十一条、第四十六条；（四）《商业银行理财产品销售管理办法》第十三条，《中华人民共和国银行业监督管理法》第二十一条、第四十六条；（五）《中国银监会关于进一步规范商业银行个人理财业务投资管理有关问题的通知》第十八条、第十九条，《中华人民共和国银行业监督管理法》第二十一条、第四十六条；（六）《中国银监会关于完善银行理财业务组织管理体系有关事项的通知》第三条，《中华人民共和国银行业监督管理法》第二十一条、第四十六条；（七）《商业银行理财产品销售管理办法》第十三条，《中华人民共和国银行业监督管理法》第二十一条、第四十六条。,罚款5550万元。,5550,中国银行保险监督管理委员会,2018年11月9日,http://www.cbirc.gov.cn/cn/view/pages/ItemDetail.html?docId=201789&itemId=4113&generaltype=9
银保监银罚决字〔2018〕10号,中国光大银行股份有限公司,李晓鹏,,（一）内控管理严重违反审慎经营规则；（二）以误导方式违规销售理财产品；（三）以修改理财合同文本或误导方式违规销售理财产品；（四）违规以类信贷业务收费或提供质价不符的服务；（五）同业投资违规接受担保；（六）通过同业投资或贷款虚增存款规模。,（一）《商业银行理财产品销售管理办法》第五条、第六十条，《商业银行内部控制指引》第十五条，《中华人民共和国银行业监督管理法》第二十一条、第四十六条；（二）《商业银行理财产品销售管理办法》第十三条、第六十条，《商业银行内部控制指引》第十五条，《中华人民共和国银行业监督管理法》第二十一条、第四十六条；（三）《商业银行理财产品销售管理办法》第十三条，《商业银行内部控制指引》第十五条，《中华人民共和国银行业监督管理法》第二十一条、第四十六条；（四）《国务院办公厅关于多措并举着力缓解企业融资成本高问题的指导意见》第四条，《中国银监会关于整治银行业金融机构不规范经营的通知》第一条、第二条，《中华人民共和国商业银行法》第五条、第七十三条；（五）《关于规范金融机构同业业务的通知》第七条，《中华人民共和国银行业监督管理法》第二十一条、第四十六条；（六）《关于规范金融机构同业业务的通知》第九条，《中国银监会关于整治银行业金融机构不规范经营的通知》第一条，《中华人民共和国商业银行法》第七十四条。,没收违法所得100万元，罚款1020万元，合计1120万元。,1120,中国银行保险监督管理委员会,2018年11月9日,http://www.cbirc.gov.cn/cn/view/pages/ItemDetail.html?docId=201788&itemId=4113&generaltype=9
银保监银罚决字〔2018〕9号,渤海银行股份有限公司,李伏安,,（一）内控管理严重违反审慎经营规则；（二）理财及自营投资资金违规用于缴交土地款；（三）理财业务风险隔离不到位；（四）为非保本理财产品提供保本承诺；（五）同业投资他行非保本理财产品审查不到位。,（一）《商业银行理财产品销售管理办法》第六十条，《商业银行内部控制指引》第十五条，《中华人民共和国银行业监督管理法》第二十一条、第四十六条；（二）《中国人民银行中国银行业监督管理委员会关于加强商业性房地产信贷管理的通知》第二条，《中国人民银行中国银行业监督管理委员会关于金融促进节约集约用地的通知》第二条，《中国银监会关于规范商业银行理财业务投资运作有关问题的通知》第四条，《关于规范金融机构同业业务的通知》第十二条，《中华人民共和国银行业监督管理法》第二十一条、第四十六条；（三）《中国银监会关于完善银行理财业务组织管理体系有关事项的通知》第三条，《中华人民共和国银行业监督管理法》第二十一条、第四十六条。（四）《商业银行理财产品销售管理办法》第十三条，《中华人民共和国银行业监督管理法》第二十一条、第四十六条；（五）《关于规范金融机构同业业务的通知》第十二条，《中华人民共和国银行业监督管理法》第二十一条、第四十六条。,罚款2530万元。,2530,中国银行保险监督管理委员会,2018年11月9日,http://www.cbirc.gov.cn/cn/view/pages/ItemDetail.html?docId=201787&itemId=4113&generaltype=9
银保监银罚决字〔2018〕8号,中国民生银行股份有限公司,洪崎,,（一）内控管理严重违反审慎经营规则；（二）同业投资违规接受担保；（三）同业投资、理财资金违规投资房地产，用于缴交或置换土地出让金及土地储备融资；（四）本行理财产品之间风险隔离不到位；（五）个人理财资金违规投资；（六）票据代理未明示，增信未簿记和计提资本占用；（七）为非保本理财产品提供保本承诺。,（一）《商业银行内部控制指引》第五条、第十五条，《中华人民共和国银行业监督管理法》第二十一条、第四十六条；（二）《关于规范金融机构同业业务的通知》第七条，《中华人民共和国银行业监督管理法》第二十一条、第四十六条；（三）《商业银行房地产贷款风险管理指引》第十五条，《中国人民银行中国银行业监督管理委员会关于加强商业性房地产信贷管理的通知》第二条，《中国人民银行中国银行业监督管理委员会关于金融促进节约集约用地的通知》第二条，《中国银监会关于规范商业银行理财业务投资运作有关问题的通知》第四条，《关于规范土地储备和资金管理等相关问题的通知》第五条，《中华人民共和国银行业监督管理法》第二十一条、第四十六条；（四）《中国银监会关于完善银行理财业务组织管理体系有关事项的通知》第三条，《中华人民共和国银行业监督管理法》第二十一条、第四十六条；（五）《中国银监会关于进一步规范商业银行个人理财业务投资管理有关问题的通知》第四条、第十八条、第十九条，《中华人民共和国银行业监督管理法》第四十六条；（六）《商业银行资本管理办法（试行）》第五十三条，《中华人民共和国银行业监督管理法》第二十一条、第四十六条；（七）《商业银行理财产品销售管理办法》第十三条、第三十七条，《关于规范金融机构同业业务的通知》第七条，《中华人民共和国银行业监督管理法》第二十一条、第四十六条。,罚款3160万元。,3160,中国银行保险监督管理委员会,2018年11月9日,http://www.cbirc.gov.cn/cn/view/pages/ItemDetail.html?docId=201786&itemId=4113&generaltype=9
银保监银罚决字〔2018〕7号,,,张劲松（中国民生银行股份有限公司交通金融事业部）,对中国民生银行股份有限公司严重违反审慎经营规则的贷款业务负有管理责任。,《商业银行授信工作尽职指引》第十五条、第二十八条，《流动资金贷款管理暂行办法》第九条、第十三条，《固定资产贷款管理暂行办法》第七条、第二十八条、第三十条、第三十三条，《中华人民共和国银行业监督管理法》第二十一条、第四十八条。,警告并处罚款20万元。,20,中国银行保险监督管理委员会,2018年11月9日,http://www.cbirc.gov.cn/cn/view/pages/ItemDetail.html?docId=201785&itemId=4113&generaltype=9
银保监银罚决字〔2018〕6号,,,丛明（中国民生银行股份有限公司交通金融事业部）,对中国民生银行股份有限公司严重违反审慎经营规则的贷款业务负有直接责任。,《商业银行授信工作尽职指引》第十五条、第二十八条，《流动资金贷款管理暂行办法》第九条、第十三条，《固定资产贷款管理暂行办法》第七条、第二十八条、第三十条、第三十三条，《中华人民共和国银行业监督管理法》第二十一条、第四十八条。,警告并处罚款30万元。,30,中国银行保险监督管理委员会,2018年11月9日,http://www.cbirc.gov.cn/cn/view/pages/ItemDetail.html?docId=201784&itemId=4113&generaltype=9
银保监银罚决字〔2018〕5号,中国民生银行股份有限公司,洪崎,,贷款业务严重违反审慎经营规则。,《商业银行授信工作尽职指引》第十五条、第二十八条，《流动资金贷款管理暂行办法》第九条、第十三条，《固定资产贷款管理暂行办法》第七条、第二十八条、第三十条、第三十三条，《中华人民共和国银行业监督管理法》第二十一条、第四十六条。,罚款200万元。,200,中国银行保险监督管理委员会,2018年11月9日,http://www.cbirc.gov.cn/cn/view/pages/ItemDetail.html?docId=201783&itemId=4113&generaltype=9
银保监银罚决字〔2018〕4号,兴业金融租赁有限责任公司,薛鹤峰,,（一）未制定明确的服务收费标准并公示；（二）办理融资租赁业务时搭售理财产品。,（一）《中国银监会关于整治银行业金融机构不规范经营的通知》第二条，《中华人民共和国银行业监督管理法》第二十一条、第四十六条；（二）《中国银监会关于整治银行业金融机构不规范经营的通知》第一条，《中华人民共和国银行业监督管理法》第二十一条、第四十六条。,罚款110万元。,110,中国银行保险监督管理委员会,2018年4月19日,http://www.cbirc.gov.cn/cn/view/pages/ItemDetail.html?docId=178669&itemId=4113&generaltype=9
银保监银罚决字〔2018〕3号,,,黄立峰（兴业银行股份有限公司苏州分行）,对兴业银行苏州分行买入返售业务项下基础资产不合规问题负有直接管理责任。,"《中国人民银行、中国银行业监督管理委员会、中国证券监督管理委员会、中国保险监督管理委员会、国家外汇管理局关于规范金融机构同业业务的通知》第五条,《中华人民共和国银行业监督管理法》第二十一条、第四十八条。",警告，罚款5万元。,5,中国银行保险监督管理委员会,2018年4月19日,http://www.cbirc.gov.cn/cn/view/pages/ItemDetail.html?docId=178668&itemId=4113&generaltype=9
银保监银罚决字〔2018〕2号,,,胡刚（兴业银行股份有限公司苏州分行）,对兴业银行苏州分行买入返售业务项下基础资产不合规问题负有直接管理责任。,"《中国人民银行、中国银行业监督管理委员会、中国证券监督管理委员会、中国保险监督管理委员会、国家外汇管理局关于规范金融机构同业业务的通知》第五条,《中华人民共和国银行业监督管理法》第二十一条、第四十八条。",警告，罚款10万元。,10,中国银行保险监督管理委员会,2018年4月19日,http://www.cbirc.gov.cn/cn/view/pages/ItemDetail.html?docId=178667&itemId=4113&generaltype=9
银保监银罚决字〔2018〕1号,兴业银行股份有限公司,高建平,,（一）重大关联交易未按规定审查审批且未向监管部门报告；（二）非真实转让信贷资产；（三）无授信额度或超授信额度办理同业业务；（四）内控管理严重违反审慎经营规则，多家分支机构买入返售业务项下基础资产不合规；（五）同业投资接受隐性的第三方金融机构信用担保；（六）债券卖出回购业务违规出表；（七）个人理财资金违规投资；（八）提供日期倒签的材料；（九）部分非现场监管统计数据与事实不符；（十）个别董事未经任职资格核准即履职；（十一）变相批量转让个人贷款；（十二）向四证不全的房地产项目提供融资。,（一）《商业银行与内部人和股东关联交易管理办法》第六条、第八条、第二十二条、第二十五条、第四十二条、第四十四条，《中华人民共和国银行业监督管理法》第二十一条、第四十六条；（二）《中国银监会关于规范信贷资产转让及信贷资产类理财业务有关事项的通知》第三条、第四条，《中华人民共和国银行业监督管理法》第二十一条、第四十六条；（三）《中国银监会办公厅关于规范商业银行同业业务治理的通知》第六条，《中华人民共和国银行业监督管理法》第二十一条、第四十六条；（四）《中国人民银行、中国银行业监督管理委员会、中国证券监督管理委员会、中国保险监督管理委员会、国家外汇管理局关于规范金融机构同业业务的通知》第五条，《商业银行内部控制指引》第十三条、第十五条，《中国银行业监督管理委员会关于加大防范操作风险工作力度的通知》第三条，《中华人民共和国银行业监督管理法》第二十一条、第四十六条；（五）《中国人民银行、中国银行业监督管理委员会、中国证券监督管理委员会、中国保险监督管理委员会、国家外汇管理局关于规范金融机构同业业务的通知》第七条、第十六条，《中华人民共和国银行业监督管理法》第二十一条、第四十六条；（六）《商业银行内部控制指引》第二十二条，《中国人民银行、中国银行业监督管理委员会、中国证券监督管理委员会、中国保险监督管理委员会、国家外汇管理局关于规范金融机构同业业务的通知》第九条，《企业会计准则》第二十二条，《中华人民共和国银行业监督管理法》第二十一条、第四十六条；（七）《中国银监会关于进一步规范商业银行个人理财业务投资管理有关问题的通知》第十八条、第十九条，《中华人民共和国银行业监督管理法》第二十一条、第四十六条；（八）《中国银监会现场检查暂行办法》第六条、第二十六条、第五十二条，《中华人民共和国银行业监督管理法》第四十六条；（九）《银行监管统计数据质量管理良好标准（试行）》原则13，《银行业监管统计管理暂行办法》第三十六条，《中华人民共和国银行业监督管理法》第四十七条；（十）《银行业金融机构董事（理事）和高级管理人员任职资格管理办法》第十四条，《中国银监会中资商业银行行政许可事项实施办法》第七十八条，《中华人民共和国商业银行法》第二十四条，《中华人民共和国银行业监督管理法》第四十六条；（十一）《金融企业不良资产批量转让管理办法》第三条、第八条，《中华人民共和国银行业监督管理法》第二十一条、第四十六条；（十二）《商业银行房地产贷款风险管理指引》第十五条，《中华人民共和国银行业监督管理法》第二十一条、第四十六条。,罚款5870万元。,5870,中国银行保险监督管理委员会,2018年4月19日,http://www.cbirc.gov.cn/cn/view/pages/ItemDetail.html?docId=178666&itemId=4113&generaltype=9
银监罚决字〔2018〕6号,,,范新田（上海浦东发展银行股份有限公司徐州分行）,对浦发银行徐州分行违规开展贷款业务，当事人未尽职履责。,《商业银行内部控制指引》第十条，《银行业金融机构从业人员职业操守指引》第十四条，《中华人民共和国银行业监督管理法》四十八条。,警告，罚款5万元。,5,中国银监会,2018年2月12日,http://www.cbirc.gov.cn/cn/view/pages/ItemDetail.html?docId=178665&itemId=4113&generaltype=9
银监罚决字〔2018〕5号,,,董轶哲（上海浦东发展银行股份有限公司广州分行）,对浦发银行广州分行违规开展同业业务、理财业务等行为，当事人未尽职履责。,《商业银行内部控制指引》第十条，《银行业金融机构从业人员职业操守指引》第十四条，《中华人民共和国银行业监督管理法》四十八条。,警告，罚款5万元。,5,中国银监会,2018年2月12日,http://www.cbirc.gov.cn/cn/view/pages/ItemDetail.html?docId=178664&itemId=4113&generaltype=9
银监罚决字〔2018〕4号,上海浦东发展银行股份有限公司,高国富,,（一）内控管理严重违反审慎经营规则；（二）通过资管计划投资分行协议存款，虚增一般存款；（三）通过基础资产在理财产品之间的非公允交易进行收益调节；（四）理财资金投资非标准化债权资产比例超监管要求；（五）提供不实说明材料、不配合调查取证；（六）以贷转存，虚增存贷款；（七）票据承兑、贴现业务贸易背景审查不严；（八）国内信用证业务贸易背景审查不严；（九）贷款管理严重缺失，导致大额不良贷款；（十）违规通过同业投资转存款方式，虚增存款；（十一）票据资管业务在总行审批驳回后仍继续办理；（十二）对代理收付资金的信托计划提供保本承诺；（十三）以存放同业业务名义开办委托定向投资业务，并少计风险资产；（十四）投资多款同业理财产品未尽职审查，涉及金额较大；（十五）修改总行理财合同标准文本，导致理财资金实际投向与合同约定不符；（十六）为非保本理财产品出具保本承诺函；（十七）向关系人发放信用贷款；（十八）向客户收取服务费，但未提供实质性服务，明显质价不符；（十九）收费超过服务价格目录，向客户转嫁成本。,"（一）《商业银行内部控制指引》第四条，《中华人民共和国银行业监督管理法》第二十一条、第四十六条；（二）《中华人民共和国商业银行法》第四十七条、第七十四条；（三）《中国银监会关于完善银行理财业务组织管理体系有关事项的通知》第三条，《中华人民共和国银行业监督管理法》第二十一条、第四十六条；（四）《中国银监会关于规范商业银行理财业务投资运作有关问题的通知》第一条、第五条，《中华人民共和国银行业监督管理法》第二十一条、第四十六条；（五）《中华人民共和国银行业监督管理法》第四十二条、第四十六条；（六）《中国银监会关于加强商业银行存款偏离度管理有关事项的通知》第二条,《中国银监会关于整治银行业金融机构不规范经营的通知》第一条,《中国银监会办公厅关于银行承兑汇票业务案件风险提示的通知》第三条,《中华人民共和国商业银行法》第四十七条、第七十四条;（七）《中国银监会办公厅关于银行承兑汇票业务案件风险提示的通知》第二条，《中华人民共和国银行业监督管理法》第二十一条、第四十六条；（八）《商业银行表外业务风险管理指引》第十一条，《国内信用证结算办法》第三十一条、第三十六条，《中华人民共和国银行业监督管理法》第二十一条、第四十六条；（九）《商业银行授信工作尽职指引》第十四条、第三十二条，《流动资金贷款管理暂行办法》第十三条、第十七条、第三十二条，《贷款风险分类指引》第四条，《中华人民共和国银行业监督管理法》第二十一条、第四十六条；（十）《中国人民银行、中国银行业监督管理委员会、中国证券监督管理委员会、中国保险监督管理委员会、国家外汇管理局关于规范金融机构同业业务的通知》第十二条，《中华人民共和国商业银行法》第四十七条、第七十四条；（十一）《中国银监会办公厅关于规范商业银行同业业务治理的通知》第三条、第四条，《中华人民共和国银行业监督管理法》第二十一条、第四十六条；（十二）《信托公司集合资金信托计划管理办法》第十六条，《中华人民共和国银行业监督管理法》第二十一条、第四十六条；（十三）《中国人民银行、中国银行业监督管理委员会、中国证券监督管理委员会、中国保险监督管理委员会、国家外汇管理局关于规范金融机构同业业务的通知》第九条、第十二条、第十三条，《中华人民共和国银行业监督管理法》第二十一条、第四十六条；（十四）《中国人民银行、中国银行业监督管理委员会、中国证券监督管理委员会、中国保险监督管理委员会、国家外汇管理局关于规范金融机构同业业务的通知》第十二条，《中华人民共和国银行业监督管理法》第二十一条、第四十六条；（十五）《商业银行理财产品销售管理办法》第六条、第十三条，《中华人民共和国银行业监督管理法》第二十一条、第四十六条；（十六）《商业银行理财产品销售管理办法》第十三条，《中华人民共和国银行业监督管理法》第二十一条、第四十六条；（十七）《中华人民共和国商业银行法》第四十条、第七十四条；（十八）《中国银监会关于整治银行业金融机构不规范经营的通知》第二条(二)，《中华人民共和国商业银行法》第五条、第七十三条；（十九）《中国银监会关于整治银行业金融机构不规范经营的通知》第二条（一），《中华人民共和国商业银行法》第五条、第七十三条。",罚款5845万元，没收违法所得10.927万元，罚没合计5855.927万元。,5855.927,中国银监会,2018年2月12日,http://www.cbirc.gov.cn/cn/view/pages/ItemDetail.html?docId=178663&itemId=4113&generaltype=9
银监罚决字〔2018〕3号,,,王凯（招商银行股份有限公司盐城分行）,在招商银行盐城分行签订保本合同销售同业非保本理财产品的违规行为中，负有领导责任。,《中华人民共和国商业银行法》第五十五条，《商业银行资本管理办法（试行）》第五十一条，《中华人民共和国银行业监督管理法》第二十一条、四十八条。,警告。,,中国银监会,2018年2月12日,http://www.cbirc.gov.cn/cn/view/pages/ItemDetail.html?docId=178661&itemId=4113&generaltype=9
银监罚决字〔2018〕2号,,,曹洪义（招商银行股份有限公司盐城分行）,在招商银行盐城分行签订保本合同销售同业非保本理财产品的违规行为中，负有直接管理责任。,《中华人民共和国商业银行法》第五十五条，《商业银行资本管理办法（试行）》第五十一条，《中华人民共和国银行业监督管理法》第二十一条、四十八条。,警告，罚款10万元。,10,中国银监会,2018年2月12日,http://www.cbirc.gov.cn/cn/view/pages/ItemDetail.html?docId=178660&itemId=4113&generaltype=9
银监罚决字〔2018〕1号,招商银行股份有限公司,李建红,,（一）内控管理严重违反审慎经营规则；（二）违规批量转让以个人为借款主体的不良贷款；（三）同业投资业务违规接受第三方金融机构信用担保；（四）销售同业非保本理财产品时违规承诺保本；（五）违规将票据贴现资金直接转回出票人账户；（六）为同业投资业务违规提供第三方金融机构信用担保；（七）未将房地产企业贷款计入房地产开发贷款科目；（八）高管人员在获得任职资格核准前履职；（九）未严格审查贸易背景真实性办理银行承兑业务；（十）未严格审查贸易背景真实性开立信用证；（十一）违规签订保本合同销售同业非保本理财产品；（十二）非真实转让信贷资产；（十三）违规向典当行发放贷款；（十四）违规向关系人发放信用贷款。,（一）《商业银行内部控制指引》第十三条，《中国银监会关于加大防范操作风险工作力度的通知》第三条，《中华人民共和国银行业监督管理法》第二十一条、第四十六条；（二）《金融企业不良资产批量转让管理办法》第八条，《中华人民共和国银行业监督管理法》第二十一条、第四十六条；（三）《关于规范金融机构同业业务的通知》第七条，《中华人民共和国银行业监督管理法》第二十一条、第四十六条；（四）《中华人民共和国商业银行法》第五十五条，《商业银行资本管理办法（试行）》第五十一条，《中华人民共和国银行业监督管理法》第二十一条、第四十六条；（五）《中国银监会办公厅关于银行承兑汇票业务案件风险提示的通知》第四条，《中华人民共和国银行业监督管理法》第二十一条、第四十六条；（六）《中国人民银行、中国银行业监督管理委员会、中国证券监督管理委员会、中国保险监督管理委员会、国家外汇管理局关于规范金融机构同业业务的通知》第七条，《中华人民共和国银行业监督管理法》第二十一条、第四十六条；（七）《中国人民银行中国银行业监督管理委员会关于加强商业性房地产信贷管理的通知》第一条，《中华人民共和国银行业监督管理法》第二十一条、第四十六条；（八）《银行业金融机构董事（理事）和高级管理人员任职资格管理办法》第十四条，《中国银监会中资商业银行行政许可事项实施办法（修订）》第七十八条，《中华人民共和国银行业监督管理法》第二十一条、第四十六条；（九）《中国银监会办公厅关于银行承兑汇票业务案件风险提示的通知》第二条，《中华人民共和国票据法》第十条，《中华人民共和国银行业监督管理法》第二十一条、第四十六条；（十）《商业银行表外业务风险管理指引》第十一条，《中华人民共和国银行业监督管理法》第二十一条、第四十六条；（十一）《中华人民共和国商业银行法》第五十五条，《商业银行资本管理办法（试行）》第五十一条，《中华人民共和国银行业监督管理法》第二十一条、第四十六条；（十二）《中国银监会关于进一步规范银行业金融机构信贷资产转让业务的通知》第四条，《中华人民共和国银行业监督管理法》第二十一条、第四十六条；（十三）《中国银监会办公厅关于防范外部风险传染的通知》第四条，《中华人民共和国银行业监督管理法》第二十一条、第四十六条；（十四）《中华人民共和国商业银行法》第四十条、第七十四条。,罚款6570万元，没收违法所得3.024万元，罚没合计6573.024万元。,6573.024,中国银监会,2018年2月12日,http://www.cbirc.gov.cn/cn/view/pages/ItemDetail.html?docId=178659&itemId=4113&generaltype=9
银监罚决字〔2017〕35号,,,王烨（恒丰银行股份有限公司北京分行）,对恒丰银行违反国家规定从事投资活动负有直接责任。,《关于规范金融机构同业业务的通知》第七条、第十六条，《金融违法行为处罚办法》第十八条，《中华人民共和国商业银行法》第五十二条、第八十九条。,警告。,,中国银监会,2017年12月29日,http://www.cbirc.gov.cn/cn/view/pages/ItemDetail.html?docId=166278&itemId=4113&generaltype=9
银监罚决字〔2017〕34号,,,王克非（恒丰银行股份有限公司北京分行）,对恒丰银行违反国家规定从事投资活动负有直接责任。,《关于规范金融机构同业业务的通知》第七条、第十六条，《金融违法行为处罚办法》第十八条，《中华人民共和国商业银行法》第五十二条、第八十九条。,警告。,,中国银监会,2017年12月29日,http://www.cbirc.gov.cn/cn/view/pages/ItemDetail.html?docId=166277&itemId=4113&generaltype=9
银监罚决字〔2017〕33号,,,邱建东（恒丰银行股份有限公司北京分行）,对恒丰银行违反国家规定从事投资活动负有直接责任。,《关于规范金融机构同业业务的通知》第七条、第十六条，《金融违法行为处罚办法》第十八条，《中华人民共和国商业银行法》第五十二条、第八十九条。,警告。,,中国银监会,2017年12月29日,http://www.cbirc.gov.cn/cn/view/pages/ItemDetail.html?docId=166276&itemId=4113&generaltype=9
银监罚决字〔2017〕32号,,,邱野（恒丰银行股份有限公司北京分行）,对恒丰银行违反国家规定从事投资活动负有直接责任。,《关于规范金融机构同业业务的通知》第七条、第十六条，《金融违法行为处罚办法》第十八条，《中华人民共和国商业银行法》第五十二条、第八十九条。,警告，罚款5万元。,5,中国银监会,2017年12月29日,http://www.cbirc.gov.cn/cn/view/pages/ItemDetail.html?docId=166275&itemId=4113&generaltype=9
银监罚决字〔2017〕31号,,,迟德贤（恒丰银行股份有限公司）,对恒丰银行违反国家规定从事投资活动负有直接责任。,《关于规范金融机构同业业务的通知》第七条、第十六条，《金融违法行为处罚办法》第十八条，《中华人民共和国商业银行法》第五十二条、第八十九条。,警告，罚款5万元。,5,中国银监会,2017年12月29日,http://www.cbirc.gov.cn/cn/view/pages/ItemDetail.html?docId=166274&itemId=4113&generaltype=9
银监罚决字〔2017〕30号,恒丰银行股份有限公司,蔡国华,,（一）未经银监会批准违规开展员工股权激励计划；（二）未经银监会批准违规实施2015年配股工作；（三）安排企业代内部员工间接持有银行股份；（四）员工股权激励计划实施期间，员工自持部分和股权池部分的入股资金均为非自有资金；（五）变更持有资本总额或股份总额5%以上的股东未报银监会批准；（六）变更持有股份总额1%以上5%以下的股东未向银监会报告；（七）部分高管违规在其他经济组织兼职；（八）董监事薪酬事项未经股东大会决定；（九）未按规定披露高管人员薪酬信息；（十）提供虚假统计报表；（十一）理财资金投资非标准化债权资产余额超比例；（十二）未向理财产品投资人充分披露投资非标准化债权资产信息；（十三）单一集团客户授信集中度超过监管规定比例；（十四）通过投资非标准化债权资产方式，非真实转让多家分行不良信贷资产；（十五）违反国家规定从事投资活动；（十六）内控管理存在严重漏洞；（十七）违规对非保本浮动收益理财产品出具担保函。,（一）《中国银监会中资商业银行行政许可事项实施办法》第四十条，《中华人民共和国银行业监督管理法》第四十五条；（二）《中国银监会中资商业银行行政许可事项实施办法》第四十条，《中华人民共和国银行业监督管理法》第四十五条；（三）《关于规范金融企业内部职工持股的通知》第二条，《中华人民共和国银行业监督管理法》第二十一条、第四十六条；（四）《中国银监会中资商业银行行政许可事项实施办法》第十二条、第三十九条，《中华人民共和国银行业监督管理法》第二十一条、第四十六条；（五）《中华人民共和国商业银行法》第二十四条、第二十八条、第七十四条；（六）《中国银监会中资商业银行行政许可事项实施办法》第三十九条，《中华人民共和国银行业监督管理法》第四十七条；（七）《中华人民共和国商业银行法》第五十二条、《中华人民共和国银行业监督管理法》第二十一条、第四十六条；（八）《中华人民共和国公司法》第三十七条、第九十九条，《商业银行公司治理指引》第十六条，《中华人民共和国银行业监督管理法》第二十一条、第四十六条；（九）《商业银行稳健薪酬监管指引》第二十二条，《商业银行公司治理指引》第一百二十一条，《中华人民共和国银行业监督管理法》第四十六条；（十）《中华人民共和国商业银行法》第六十一条、第七十五条；（十一）《中国银监会关于规范商业银行理财业务投资运作有关问题的通知》第五条，《中华人民共和国银行业监督管理法》第二十一条、第四十六条；（十二）《中国银监会关于规范商业银行理财业务投资运作有关问题的通知》第三条，《商业银行理财产品销售管理办法》第二十条，《中华人民共和国银行业监督管理法》第二十一条、第四十六条；（十三）《商业银行集团客户授信业务风险管理指引》第十二条，《中华人民共和国银行业监督管理法》第二十一条、第四十六条；（十四）《中国银监会关于规范信贷资产转让及信贷资产类理财业务有关事项的通知》第三条、第四条，《中华人民共和国银行业监督管理法》第二十一条、第四十六条；（十五）《关于规范金融机构同业业务的通知》第七条、第十六条，《金融违法行为处罚办法》第十八条，《中华人民共和国商业银行法》第七十四条；（十六）《商业银行内部控制指引》第四条、第十七条、第二十三条，《中华人民共和国银行业监督管理法》第二十一条、第四十六条；（十七）《中国银监会关于规范商业银行理财业务投资运作有关问题的通知》第八条，《中华人民共和国银行业监督管理法》第二十一条、第四十六条。,没收违法所得7566.106815万元，并处1倍罚款7566.106815万元，对其他违规行为罚款1560万元，罚没合计16692.21363万元。,16692.21363,中国银监会,2017年12月29日,http://www.cbirc.gov.cn/cn/view/pages/ItemDetail.html?docId=166273&itemId=4113&generaltype=9
银监罚决字〔2017〕29号,,,廖燕萍（广发银行股份有限公司惠州分行）,对广发银行惠州分行未尽职审查保理业务贸易背景真实性负有直接管理责任。,《商业银行内部控制指引》第十条，《商业银行保理业务管理暂行办法》第十五条，《中华人民共和国银行业监督管理法》第二十一条、第四十八条。,警告，罚款5万元。,5,中国银监会,2017年11月17日,http://www.cbirc.gov.cn/cn/view/pages/ItemDetail.html?docId=163148&itemId=4113&generaltype=9
银监罚决字〔2017〕28号,,,陈文娟（广发银行股份有限公司惠州分行）,对广发银行惠州分行未尽职审查保理业务贸易背景真实性负有直接管理责任。,《商业银行内部控制指引》第十条，《商业银行保理业务管理暂行办法》第十五条，《中华人民共和国银行业监督管理法》第二十一条、第四十八条。,警告，罚款5万元。,5,中国银监会,2017年11月17日,http://www.cbirc.gov.cn/cn/view/pages/ItemDetail.html?docId=163149&itemId=4113&generaltype=9
银监罚决字〔2017〕27号,,,张中华（广发银行股份有限公司惠州分行）,对广发银行惠州分行轮岗和强制休假制度未落实、劳务派遣用工管理不到位负有直接管理责任。,《商业银行内部控制指引》第十条、第十九条、第二十条，《关于加强案件防控，落实轮岗、对账及内审有关要求的工作意见》第一条，《中国银监会办公厅关于加强银行业基层营业机构管理的通知》第三条，《中华人民共和国银行业监督管理法》第二十一条、第四十八条。,取消五年任职资格。,,中国银监会,2017年11月17日,http://www.cbirc.gov.cn/cn/view/pages/ItemDetail.html?docId=163147&itemId=4113&generaltype=9
银监罚决字〔2017〕26号,广发银行股份有限公司,杨明生,,（一）出具与事实不符的金融票证；（二）未尽职审查保理业务贸易背景真实性；（三）内控管理严重违反审慎经营规则；（四）劳务派遣用工管理不到位；（五）对押品评估费用管理不到位；（六）未向监管部门报告风险信息；（七）未向监管部门报告重要信息系统突发事件；（八）会计核算管理薄弱；（九）信息系统与业务流程控制未按规定执行；（十）流动资金贷款用途监督不到位，未尽职审查银行承兑汇票贸易背景真实性；（十一）以流动资金贷款科目向房地产开发企业发放贷款；（十二）报送监管数据不真实。,（一）《金融违法行为处罚办法》第十三条；（二）《商业银行保理业务管理暂行办法》第十五条，《中华人民共和国银行业监督管理法》第二十一条、第四十六条；（三）《商业银行内部控制指引》第十二条、第十九条，《中国银行业监督管理委员会关于加大防范操作风险工作力度的通知》第三条、第六条，《关于加强案件防控，落实轮岗、对账及内审有关要求的工作意见》第一条，《中国银监会办公厅关于加强银行业基层营业机构管理的通知》第三条、第四条，《中华人民共和国银行业监督管理法》第二十一条、第四十六条；（四）《商业银行内部控制指引》第十四条、第二十条，《中华人民共和国银行业监督管理法》第二十一条、第四十六条；（五）《中国银监会关于整治银行业金融机构不规范经营的通知》第一条、第三条，《商业银行内部控制指引》第十五条，《中华人民共和国银行业监督管理法》第二十一条、第四十六条；（六）《银行业金融机构案件（风险）信息报送及登记办法》第二条、第四条、第六条、第二十二条，《中华人民共和国银行业监督管理法》第二十一条、第四十六条；（七）《银行业重要信息系统突发事件应急管理规范（试行）》第四条、第九条、第三十五条，《商业银行业务连续性监管指引》第六十三条，《中华人民共和国银行业监督管理法》第二十一条、第四十六条；（八）《中华人民共和国商业银行法》第五十五条，《商业银行内部控制指引》第十五条、第二十二条，《中华人民共和国银行业监督管理法》第二十一条、第四十六条；（九）《中国银监会办公厅关于做好网上银行风险管理和服务的通知》第一条，《电子银行业务管理办法》第四十条，《中国人民银行中国银行业监督管理委员会公安部国家工商总局关于加强银行卡安全管理预防和打击银行卡犯罪的通知》第二条，《商业银行信息科技风险管理指引》第二十六条，《中华人民共和国银行业监督管理法》第二十一条、第四十六条；（十）《流动资金贷款管理暂行办法》第九条，《中国银监会办公厅关于银行承兑汇票业务案件风险提示的通知》第三条，《票据法》第十条，《中华人民共和国银行业监督管理法》第二十一条、第四十六条；（十一）《中国人民银行中国银行业监督管理委员会关于加强商业性房地产信贷管理的通知》第一条，《中华人民共和国银行业监督管理法》第二十一条、第四十六条；（十二）《银行业监管统计管理暂行办法》第八条、第三十五条，《中华人民共和国银行业监督管理法》第四十六条。,警告，没收违法所得17553.79万元，并处3倍罚款52661.37万元，对其他违规行为罚款2000万元，罚没合计72215.16万元。,72215.16,中国银监会,2017年11月17日,http://www.cbirc.gov.cn/cn/view/pages/ItemDetail.html?docId=163146&itemId=4113&generaltype=9
银监罚决字〔2017〕25号,中国建设银行股份有限公司广州天河支行,马培骞,,违规转让非不良贷款。,《中国银监会关于进一步推进改革发展加强风险防范的通知》第一条，《中国银监会关于规范信贷资产转让及信贷资产类理财业务有关事项的通知》第一条、第二条，《中华人民共和国银行业监督管理法》第二十一条、第四十六条。,罚款20万元。,20,中国银监会,2017年3月29日,http://www.cbirc.gov.cn/cn/view/pages/ItemDetail.html?docId=140257&itemId=4113&generaltype=9
银监罚决字〔2017〕24号,上海浦东发展银行股份有限公司呼和浩特分行,顾晓明,,违规转让非不良贷款。,《中国银监会关于进一步推进改革发展加强风险防范的通知》第一条，《中国银监会关于规范信贷资产转让及信贷资产类理财业务有关事项的通知》第一条、第二条，《中华人民共和国银行业监督管理法》第二十一条、第四十六条。,罚款20万元。,20,中国银监会,2017年3月29日,http://www.cbirc.gov.cn/cn/view/pages/ItemDetail.html?docId=140256&itemId=4113&generaltype=9
银监罚决字〔2017〕23号,中国工商银行股份有限公司河北省分行,史立军,,违规转让非不良贷款。,《中国银监会关于进一步推进改革发展加强风险防范的通知》第一条，《中国银监会关于规范信贷资产转让及信贷资产类理财业务有关事项的通知》第一条、第二条，《中华人民共和国银行业监督管理法》第二十一条、第四十六条。,罚款20万元。,20,中国银监会,2017年3月29日,http://www.cbirc.gov.cn/cn/view/pages/ItemDetail.html?docId=140255&itemId=4113&generaltype=9
银监罚决字〔2017〕22号,渤海银行股份有限公司太原分行,侴宇明,,违规转让非不良贷款。,《中国银监会关于进一步推进改革发展加强风险防范的通知》第一条，《中国银监会关于规范信贷资产转让及信贷资产类理财业务有关事项的通知》第一条、第二条，《中华人民共和国银行业监督管理法》第二十一条、第四十六条。,罚款20万元。,20,中国银监会,2017年3月29日,http://www.cbirc.gov.cn/cn/view/pages/ItemDetail.html?docId=140254&itemId=4113&generaltype=9
银监罚决字〔2017〕21号,浙商银行股份有限公司北京分行,冯剑松,,违规转让非不良贷款。,《中国银监会关于规范信贷资产转让及信贷资产类理财业务有关事项的通知》第一条、第二条，《中华人民共和国银行业监督管理法》第二十一条、第四十六条。,罚款20万元。,20,中国银监会,2017年3月29日,http://www.cbirc.gov.cn/cn/view/pages/ItemDetail.html?docId=140253&itemId=4113&generaltype=9
银监罚决字〔2017〕20号,中国建设银行股份有限公司广西壮族自治区分行,李思影,,违规转让非不良贷款。,《中国银监会关于规范信贷资产转让及信贷资产类理财业务有关事项的通知》第一条、第二条，《中华人民共和国银行业监督管理法》第二十一条、第四十六条。,罚款30万元。,30,中国银监会,2017年3月29日,http://www.cbirc.gov.cn/cn/view/pages/ItemDetail.html?docId=140252&itemId=4113&generaltype=9
银监罚决字〔2017〕19号,交通银行股份有限公司,牛锡明,,批量转让个人贷款。,《金融企业不良资产批量转让管理办法》第八条，《中华人民共和国银行业监督管理法》第二十一条、第四十六条。,罚款20万元。,20,中国银监会,2017年3月29日,http://www.cbirc.gov.cn/cn/view/pages/ItemDetail.html?docId=140251&itemId=4113&generaltype=9
银监罚决字〔2017〕18号,中国民生银行股份有限公司,洪崎,,批量转让个人贷款、安排回购条件以及未按规定进行信息披露；违规转让非不良贷款。,《金融企业不良资产批量转让管理办法》第八条，《中国银监会关于规范信贷资产转让及信贷资产类理财业务有关事项的通知》第一条、第二条、第四条，《商业银行信息披露办法》第十三条，《中华人民共和国银行业监督管理法》第二十一条、第四十六条。,罚款共计70万元。,70,中国银监会,2017年3月29日,http://www.cbirc.gov.cn/cn/view/pages/ItemDetail.html?docId=140250&itemId=4113&generaltype=9
银监罚决字〔2017〕17号,招商银行股份有限公司,李建红,,批量转让个人贷款。,《金融企业不良资产批量转让管理办法》第八条，《中华人民共和国银行业监督管理法》第二十一条、第四十六条。,罚款50万元。,50,中国银监会,2017年3月29日,http://www.cbirc.gov.cn/cn/view/pages/ItemDetail.html?docId=140249&itemId=4113&generaltype=9
银监罚决字〔2017〕16号,华夏银行股份有限公司,吴建,,（一）理财产品投资非标资产总额占上一年度审计报告披露总资产比例超过监管要求；（二）非洁净转让非标资产;（三）商业承兑汇票的内部控制存在严重的风险漏洞；（四）宁波分行将城镇化建设贷款用于置换原有信托贷款，贷款五级分类不准确；（五）石家庄分行向资本金未真实到位的项目发放大额贷款，违规对小微企业收取承诺费，违规买入返售（卖出回购）商业承兑汇票；（六）重庆九龙坡支行房地产贷款资金管控不到位，贷款资金用于虚增存款；（七）呼和浩特分行贷款资金管理不严；（八）济南和平路支行挪用信贷资金，用以兑付银行承兑汇票和购买结构性存款，并以此质押开立银行承兑汇票；（九）武汉分行、聊城分行以信贷资金归还银行承兑汇票垫款；（十）无锡分行利用委托清收、远期回购模式隐匿不良资产；（十一）南京分行、温州分行、广州分行、厦门分行、常州分行、杭州分行、昆明分行违规买入返售（卖出回购）商业承兑汇票；（十二）郑州分行违规买入返售（卖出回购）商业承兑汇票，违规以贴现资金缴存银行承兑汇票保证金；（十三）唐山分行将经营性物业贷款用于投资同业存单；（十四）上海分行、济南分行、乌鲁木齐分行出具承诺函，承担理财产品兑付风险；（十五）成都分行出具承诺函承担理财产品兑付风险，买入返售（卖出回购）商业承兑汇票；（十六）重庆分行违规向小微企业收取承诺费，变相提高企业融资成本；（十七）北京分行挪用信贷资金兑付到期银行承兑汇票；（十八）成都蜀汉支行、福州闽江支行、沈阳中山广场支行滚动签发银行承兑汇票；（十九）北京东外支行、合肥长江西路支行、广州珠江支行签发无真实贸易背景的银行承兑汇票；（二十）呼和浩特金盛支行办理无增值税发票的银行承兑汇票；（二十一）重庆万州支行以贷款资金缴存银行承兑汇票保证金，办理无增值税发票的银行承兑汇票；（二十二）福州分行存在法人账户透支；（二十三）东莞分行为政府融资平台公司办理不符合条件的保理融资；（二十四）大连星海广场支行以虚假贸易背景办理保理融资，且部分保理资金转为本行单位定期存款。,（一）《中国银监会关于规范商业银行理财业务投资运作有关问题的通知》第五条，《中华人民共和国银行业监督管理法》第二十一条、第四十六条；（二）《银监会关于规范商业银行理财业务投资运作有关问题的通知》第八条，《中华人民共和国银行业监督管理法》第二十一条、第四十六条；（三）《商业银行内部控制指引》（银监会令2007年第6号）第四条，《商业银行内部控制指引》（银监发〔2014〕40号）第十三条、第十五条，《中国银监会关于加大防范操作风险工作力度的通知》第三条，《中华人民共和国银行业监督管理法》第二十一条、第四十六条；（四）《贷款风险分类指引》第十条，《关于调整固定资产投资项目资本金比例的通知》第一条，《固定资产贷款管理暂行办法》第七条、第二十八条，《中华人民共和国银行业监督管理法》第二十一条、第四十六条；（五）《关于调整固定资产投资项目资本金比例的通知》第一条，《国务院关于固定资产投资项目试行资本金制度的通知》第二条，《固定资产贷款管理暂行办法》第九条、第二十八条、第三十九条，《银监会关于进一步做好小微企业金融服务工作的指导意见》第九条，《关于规范金融机构同业业务的通知》第五条，《中华人民共和国银行业监督管理法》第二十一条、第四十六条；（六）《商业银行房地产贷款风险管理指引》第二十条，《固定资产贷款管理暂行办法》第七条、第三十九条，《中华人民共和国银行业监督管理法》第四十六条；（七）《关于加强商业银行存款偏离度管理有关事项的通知》第二条、第四条，《中华人民共和国银行业监督管理法》第二十一条、第四十六条；（八）《流动资金贷款管理暂行办法》第九条、第三十九条，《中华人民共和国银行业监督管理法》第四十六条；（九）《流动资金贷款管理暂行办法》第九条、第三十九条，《中华人民共和国银行业监督管理法》第四十六条；（十）《中国银监会关于规范信贷资产转让及信贷资产类理财业务有关事项的通知》第三条、第四条，《中华人民共和国银行业监督管理法》第二十一条、第四十六条；（十一）《关于规范金融机构同业业务的通知》第五条，《中华人民共和国银行业监督管理法》第四十六条；（十二）《关于规范金融机构同业业务的通知》第五条，《中国银监会办公厅关于银行承兑汇票业务案件风险提示的通知》第三条，《中华人民共和国银行业监督管理法》第四十六条；（十三）《中国银监会办公厅、财政部办公厅关于加强商业存款偏离度管理有关事项的通知》第二条，《关于规范金融机构同业业务的通知》第九条，《中华人民共和国银行业监督管理法》第二十一条、第四十六条；（十四）《银监会关于规范商业银行理财业务投资运作有关问题的通知》第八条，《中华人民共和国银行业监督管理法》第二十一条、第四十六条；（十五）《关于规范金融机构同业业务的通知》第五条，《银监会关于规范商业银行理财业务投资运作有关问题的通知》第八条，《中华人民共和国银行业监督管理法》第二十一条、第四十六条；（十六）《银监会关于进一步做好小微企业金融服务工作的指导意见》第九条，《中华人民共和国银行业监督管理法》第二十一条、第四十六条；（十七）《流动资金贷款管理办法》第九条、第三十九条，《中华人民共和国银行业监督管理法》第四十六条；（十八）《中华人民共和国票据法》第十条，《中国银监会办公厅关于加强银行承兑汇票业务案件风险提示的通知》第二条，《中华人民共和国银行业监督管理法》第二十一条、第四十六条；（十九）《中华人民共和国票据法》第十条，《关于加强银行承兑汇票业务监管的通知》第一条，《中华人民共和国银行业监督管理法》第二十一条、第四十六条；（二十）《中华人民共和国票据法》第十条，《中国银监会办公厅关于加强银行承兑汇票业务监管的通知》第一条，《中华人民共和国银行业监督管理法》第二十一条、第四十六条；（二十一）《中国银监会办公厅关于银行承兑汇票业务案件风险提示的通知》第三条，《中华人民共和国票据法》第十条，《中国银监会办公厅关于加强银行承兑汇票业务监管的通知》第一条，《流动资金贷款管理暂行办法》第九条，《中华人民共和国银行业监督管理法》第二十一条、第四十六条；（二十二）《中国银监会办公厅、财政部办公厅关于加强商业存款偏离度管理有关事项的通知》第二条，《中华人民共和国银行业监督管理法》第二十一条、第四十六条；（二十三）《商业银行保理业务管理暂行办法》第六条、第七条、第三十四条，《中华人民共和国银行业监督管理法》第四十六条；（二十四）《商业银行保理业务管理暂行办法》第十三条、第十五条、第十六条，《中华人民共和国银行业监督管理法》第二十一条、第四十六条。,罚款共计1190万元。,1190,中国银监会,2017年3月29日,http://www.cbirc.gov.cn/cn/view/pages/ItemDetail.html?docId=140156&itemId=4113&generaltype=9
银监罚决字〔2017〕15号,恒丰银行股份有限公司,蔡国华,,（一）非真实转让信贷资产；（二）腾挪表内风险资产；（三）将代客理财资金违规用于本行自营业务，减少加权风险资产计提；（四）未按业务实质对代理银行承兑汇票转贴现业务进行准确会计核算；（五）银行承兑汇票转贴现资金账户管理不严；（六）利用结构性理财产品，将多笔同业存款变相纳入一般性存款核算；（七）以保险类资产管理公司为通道，违规将同业存款变相纳入一般性存款核算；（八）违规变相接受同业增信；（九）变更持有股份总额5%以上的股东未按规定报银监会审批；（十）关联交易未提交关联交易控制委员会和董事会审查审批；（十一）未在规定时间内披露年报信息；（十二）未在规定时间内披露更换行长信息；（十三）杭州分行非真实转让信贷资产；（十四）杭州义乌支行办理信用证和福费廷业务未尽职审查贸易背景真实性；（十五）重庆分行违规提供同业增信；（十六）重庆高新支行办理信用证业务未尽职审查贸易背景真实性；（十七）成都分行贴现资金当日回流至出票人账户；（十八）宁波分行未按业务实质对代理票据转贴现业务进行准确会计核算，同业投资业务违规间接接受第三方信用担保。,（一）《关于规范信贷资产转让及信贷资产类理财业务有关事项的通知》第三条，《中华人民共和国银行业监督管理法》第二十一条、第四十六条；（二）《商业银行内部控制指引》第二十二条，《商业银行法》第五十五条，《中华人民共和国银行业监督管理法》第二十一条、第四十六条；（三）《关于完善银行理财业务组织管理体系有关事项的通知》第三条，《中华人民共和国银行业监督管理法》第二十一条、第四十六条；（四）《商业银行内部控制指引》第二十二条、《票据法》第五条，《中华人民共和国银行业监督管理法》第二十一条、第四十六条；（五）《关于加强银行承兑汇票业务监管的通知》第七条，《中华人民共和国银行业监督管理法》第二十一条、第四十六条；（六）《商业银行内部控制指引》第二十二条，《中华人民共和国银行业监督管理法》第二十一条、第四十六条；（七）《商业银行内部控制指引》第二十二条，《中华人民共和国银行业监督管理法》第二十一条、第四十六条；（八）《关于规范金融机构同业业务的通知》第七条，《中华人民共和国银行业监督管理法》第二十一条、第四十六条；（九）《中资商业银行行政许可事项实施办法》第三十九条，《商业银行法》第二十四条，《中华人民共和国商业银行法》第七十四条；（十）《商业银行与内部人和股东关联交易管理办法》第二十五条、第四十二条；（十一）《商业银行信息披露办法》第二十五条，《中华人民共和国银行业监督管理法》第四十六条；（十二）《商业银行公司治理指引》第一百二十三条，《中华人民共和国银行业监督管理法》第四十六条；（十三）《关于规范信贷资产转让及信贷资产类理财业务有关事项的通知》第三条，《中华人民共和国银行业监督管理法》第二十一条、第四十六条；（十四）《商业银行授信工作尽职指引》附录第一条，《中华人民共和国银行业监督管理法》第二十一条、第四十六条；（十五）《关于规范金融机构同业业务的通知》第七条、第十二条，《商业银行内部控制指引》第二十二条，《中华人民共和国银行业监督管理法》第二十一条、第四十六条；（十六）《商业银行授信工作尽职指引》附录第一条，《中华人民共和国银行业监督管理法》第二十一条、第四十六条；（十七）《关于银行承兑汇票业务案件风险提示的通知》第四条，《中华人民共和国银行业监督管理法》第二十一条、第四十六条；（十八）《商业银行内部控制指引》第二十二条，《票据法》第五条，《关于规范金融机构同业业务的通知》第七条、第十二条，《中华人民共和国银行业监督管理法》第二十一条、第四十六条。,罚款共计800万元。,800,中国银监会,2017年3月29日,http://www.cbirc.gov.cn/cn/view/pages/ItemDetail.html?docId=140155&itemId=4113&generaltype=9
银监罚决字〔2017〕14号,平安银行股份有限公司,谢永林,,（一）内控管理严重违反审慎经营规则；（二）非真实转让信贷资产；（三）销售对公非保本理财产品出具回购承诺、承诺保本；（四）为同业投资业务提供第三方信用担保；（五）未严格审查贸易背景真实性办理票据承兑、贴现业务。,（一）《商业银行内部控制指引》（银监会令2007年第6号）第四条，《商业银行内部控制指引》（银监发〔2014〕40号）第十三条、第十五条，《中国银监会关于加大防范操作风险工作力度的通知》第三条，《中华人民共和国银行业监督管理法》第二十一条、第四十六条；（二）《关于进一步规范银行业金融机构信贷资产转让业务的通知》第四条，《中华人民共和国银行业监督管理法》第二十一条、第四十六条；（三）《中国银监会关于规范商业银行理财业务投资运作有关问题的通知》第八条，《中华人民共和国银行业监督管理法》第二十一条、第四十六条；（四）《中国人民银行、中国银行业监督管理委员会、中国证券监督管理委员会、中国保险监督管理委员会、国家外汇局关于规范金融机构同业业务的通知》第七条，《中华人民共和国银行业监督管理法》第二十一条、第四十六条；（五）《中国银监会办公厅关于银行承兑汇票业务案件风险提示的通知》第二条，《商业汇票承兑、贴现与再贴现管理暂行办法》第三条，《中华人民共和国票据法》第十条，《中华人民共和国银行业监督管理法》第二十一条、第四十六条。,罚款共计1670万元。,1670,中国银监会,2017年3月29日,http://www.cbirc.gov.cn/cn/view/pages/ItemDetail.html?docId=140154&itemId=4113&generaltype=9
银监罚决字〔2017〕13号,,,连宏兴（中国信达资产管理股份有限公司陕西省分公司）,对中国信达资产管理股份有限公司陕西省分公司管理不尽职导致风险发生负有直接责任。,《不良金融资产处置尽职指引》第十条，《财政部关于印发金融资产管理公司有关业务风险管理办法的通知》附件3《金融资产管理公司商业化收购业务风险管理办法》第八条，《中华人民共和国银行业监督管理法》第二十一条、第四十八条。,警告。,,中国银监会,2017年3月29日,http://www.cbirc.gov.cn/cn/view/pages/ItemDetail.html?docId=140153&itemId=4113&generaltype=9
银监罚决字〔2017〕12号,,,梁晓天（中国信达资产管理股份有限公司青海省分公司）,对中国信达资产管理股份有限公司青海省分公司管理不尽职导致风险发生负有直接责任。,《不良金融资产处置尽职指引》第十条，《财政部关于印发金融资产管理公司有关业务风险管理办法的通知》附件3《金融资产管理公司商业化收购业务风险管理办法》第八条，《中华人民共和国银行业监督管理法》第二十一条、第四十八条。,警告。,,中国银监会,2017年3月29日,http://www.cbirc.gov.cn/cn/view/pages/ItemDetail.html?docId=140152&itemId=4113&generaltype=9
银监罚决字〔2017〕11号,,,张文玺（中国信达资产管理股份有限公司青海省分公司）,对中国信达资产管理股份有限公司青海省分公司管理不尽职导致风险发生负有直接责任。,《不良金融资产处置尽职指引》第十条，《财政部关于印发金融资产管理公司有关业务风险管理办法的通知》附件3《金融资产管理公司商业化收购业务风险管理办法》第八条，《中华人民共和国银行业监督管理法》第二十一条、第四十八条。,警告，罚款5万元。,5,中国银监会,2017年3月29日,http://www.cbirc.gov.cn/cn/view/pages/ItemDetail.html?docId=140151&itemId=4113&generaltype=9
银监罚决字〔2017〕10号,,,张左（中国信达资产管理股份有限公司吉林省分公司）,对中国信达资产管理股份有限公司吉林省分公司管理不尽职导致风险发生负有直接责任。,《不良金融资产处置尽职指引》第十条，《财政部关于印发金融资产管理公司有关业务风险管理办法的通知》附件3《金融资产管理公司商业化收购业务风险管理办法》第八条，《中华人民共和国银行业监督管理法》第二十一条、第四十八条。,警告。,,中国银监会,2017年3月29日,http://www.cbirc.gov.cn/cn/view/pages/ItemDetail.html?docId=140150&itemId=4113&generaltype=9
银监罚决字〔2017〕9号,,,郑昱林（中国信达资产管理股份有限公司吉林省分公司）,对中国信达资产管理股份有限公司吉林省分公司管理不尽职导致风险发生负有直接责任。,《不良金融资产处置尽职指引》第十条，《财政部关于印发金融资产管理公司有关业务风险管理办法的通知》附件3《金融资产管理公司商业化收购业务风险管理办法》第八条，《中华人民共和国银行业监督管理法》第二十一条、第四十八条。,警告，罚款5万元。,5,中国银监会,2017年3月29日,http://www.cbirc.gov.cn/cn/view/pages/ItemDetail.html?docId=140149&itemId=4113&generaltype=9
银监罚决字〔2017〕8号,,,吴强（中国信达资产管理股份有限公司吉林省分公司）,对中国信达资产管理股份有限公司吉林省分公司管理不尽职导致风险发生负有直接责任。,《不良金融资产处置尽职指引》第十条，《财政部关于印发金融资产管理公司有关业务风险管理办法的通知》附件3《金融资产管理公司商业化收购业务风险管理办法》第八条，《中华人民共和国银行业监督管理法》第二十一条、第四十八条。,警告。,,中国银监会,2017年3月29日,http://www.cbirc.gov.cn/cn/view/pages/ItemDetail.html?docId=140148&itemId=4113&generaltype=9
银监罚决字〔2017〕7号,,,田令霞（中国信达资产管理股份有限公司北京市分公司）,对中国信达资产管理股份有限公司北京市分公司管理不尽职导致风险发生负有直接责任。,《不良金融资产处置尽职指引》第十条，《财政部关于印发金融资产管理公司有关业务风险管理办法的通知》附件3《金融资产管理公司商业化收购业务风险管理办法》第八条，《中华人民共和国银行业监督管理法》第二十一条、第四十八条。,警告，罚款5万元。,5,中国银监会,2017年3月29日,http://www.cbirc.gov.cn/cn/view/pages/ItemDetail.html?docId=140147&itemId=4113&generaltype=9
银监罚决字〔2017〕6号,,,付岩（中国信达资产管理股份有限公司北京市分公司）,对中国信达资产管理股份有限公司北京市分公司管理不尽职导致风险发生负有直接责任。,《不良金融资产处置尽职指引》第十条，《财政部关于印发金融资产管理公司有关业务风险管理办法的通知》附件3《金融资产管理公司商业化收购业务风险管理办法》第八条，《中华人民共和国银行业监督管理法》第二十一条、第四十八条。,警告，罚款5万元。,5,中国银监会,2017年3月29日,http://www.cbirc.gov.cn/cn/view/pages/ItemDetail.html?docId=140146&itemId=4113&generaltype=9
银监罚决字〔2017〕5号,中国信达资产管理股份有限公司青海省分公司,马朝晖,,管理不尽职导致风险发生。,《不良金融资产处置尽职指引》第十条，《财政部关于印发金融资产管理公司有关业务风险管理办法的通知》附件3《金融资产管理公司商业化收购业务风险管理办法》第八条，《中华人民共和国银行业监督管理法》第二十一条、第四十六条。,罚款50万元。,50,中国银监会,2017年3月29日,http://www.cbirc.gov.cn/cn/view/pages/ItemDetail.html?docId=140145&itemId=4113&generaltype=9
银监罚决字〔2017〕4号,中国信达资产管理股份有限公司陕西省分公司,李小昭,,管理不尽职导致风险发生。,《不良金融资产处置尽职指引》第十条，《财政部关于印发金融资产管理公司有关业务风险管理办法的通知》附件3《金融资产管理公司商业化收购业务风险管理办法》第八条，《中华人民共和国银行业监督管理法》第二十一条、第四十六条。,罚款30万元。,30,中国银监会,2017年3月29日,http://www.cbirc.gov.cn/cn/view/pages/ItemDetail.html?docId=140144&itemId=4113&generaltype=9
银监罚决字〔2017〕3号,中国信达资产管理股份有限公司吉林省分公司,李洪江,,管理不尽职导致风险发生。,《不良金融资产处置尽职指引》第十条，《财政部关于印发金融资产管理公司有关业务风险管理办法的通知》附件3《金融资产管理公司商业化收购业务风险管理办法》第八条，《中华人民共和国银行业监督管理法》第二十一条、第四十六条。,罚款50万元。,50,中国银监会,2017年3月29日,http://www.cbirc.gov.cn/cn/view/pages/ItemDetail.html?docId=140143&itemId=4113&generaltype=9
银监罚决字〔2017〕2号,中国信达资产管理股份有限公司北京市分公司,王晓军,,管理不尽职导致风险发生；收购虚构债权。,《不良金融资产处置尽职指引》第十条，《财政部关于印发金融资产管理公司有关业务风险管理办法的通知》附件3《金融资产管理公司商业化收购业务风险管理办法》第八条，《中华人民共和国银行业监督管理法》第二十一条、第四十六条。,罚款共计80万元。,80,中国银监会,2017年3月29日,http://www.cbirc.gov.cn/cn/view/pages/ItemDetail.html?docId=140142&itemId=4113&generaltype=9
银监罚决字〔2017〕1号,中国信达资产管理股份有限公司,侯建杭,,违规收购个人贷款；收购金融机构非不良资产；收购不良资产未按规定通知债务人；为同业投资行为违规提供隐性担保。,《金融企业不良资产批量转让管理办法》第八条，《财政部关于印发金融资产管理公司有关业务风险管理办法的通知》附件3《金融资产管理公司商业化收购业务风险管理办法》第五条，《金融资产管理公司条例》第十一条，《金融企业不良资产批量转让管理办法》第十九条，《中国人民银行、中国银行业监督管理委员会、中国证券监督管理委员会、中国保险监督管理委员会、国家外汇局关于规范金融机构同业业务的通知》第七条，《中华人民共和国银行业监督管理法》第二十一条、第四十六条。,罚款共计150万元。,150,中国银监会,2017年3月29日,http://www.cbirc.gov.cn/cn/view/pages/ItemDetail.html?docId=140141&itemId=4113&generaltype=9
