书名,评论者,评论时间,打分,评论详情
追风筝的人,螃蟹蟹,2013-10-28,50.0,大家都喜欢那句“为你，千千万万遍”，我却喜欢“我们有什么权利指责别人的过去”
追风筝的人,布拉德·跳票,2012-11-13,50.0,念及那些如风往事，冷暖自知。也许谁的生命里都有一只想要挽回的“风筝”，谁没有令自己痛悔的事，谁能保证自己的心灵永在阳光的照耀下？但重回那个被时光深埋的地点，重新面对心灵的考问，不是每个人都有那份勇气，即使，“那儿有再次成为好人的路”。
追风筝的人,匡匡,2008-02-11,20.0,所有的罪只可忏悔，无可救赎。
追风筝的人,linn,2013-01-15,50.0,为什么忠诚善良的人反而遭到这样的结局，面对阿米尔的污蔑，他和阿里选择离去。当房屋需要他时，他又毅然决然的选择坚守，为了阿米尔能够得到父亲的赞许，哈桑却受到那样的凌辱，换来的却是懦弱的阿米尔的回避，身份，阶级，好可笑的头衔，生命与忠诚在那些虚无的名誉不值一提。犹如草芥浮萍....
追风筝的人,安东尼,2007-09-18,50.0,touched how can he write a book just like tell a story?
追风筝的人,拔刀诀,2009-11-25,30.0,一般般。炒作的恶心
追风筝的人,毛香菇,2009-09-13,40.0,过誉
追风筝的人,大头绿豆,2014-11-25,40.0,①故事残忍，笔法温细。②哈桑的无我，阿塞夫的残暴，拉辛汗的洞察，索拉雅的包容，除了作者似乎他们都只有某一面。③不止一次想起喀布尔安魂曲。
追风筝的人,胡安叔叔,2010-06-12,,"追到的只有自己的过去
救赎的只有自己的现在"
追风筝的人,砒霜拌饭,2013-11-14,,看了一大半，我想我不会继续看了，卡米尔已经让我十分生气，十分生气，well，我甚至觉得自己一开始不该喜欢作者的小笑话，以及作者让我想起了自己在掩饰的懦弱，非常可恨。
追风筝的人,赫恩曼尼,2016-05-23,50.0,两年前，我在美国上一门英语课。坐在我旁边的男孩就来自阿富汗。当他用英语说出这个名字的时候，我们都以为他穿过重重战火和历史的沉疴而来，身上闪耀着神圣的荣光。而他，只是一个普通的阿富汗男孩，好像天空下奔跑着追风筝的人。
追风筝的人,寂地,2007-11-10,30.0,非常好的一本通俗小说．适合拍电影的好脚本．里面有很多可贵的东西．但情节上也有些地方不可理喻．前半部非常的棒．但后面落入俗套子－－但还是感动了我．这是作者的处女作，已经非常的了不起了．
追风筝的人,袁牧,2009-07-29,20.0,翻译能不能查查字典，把‘阿富汗GCD’译成‘新政府’还情有可原，但‘阿訇’为何要变成‘法师’我实在是弄不明白。
追风筝的人,丧茶,2009-08-12,40.0,"谁愿为我说“为你 千千万万遍”
我愿为谁说“为你 千千万万遍”"
追风筝的人,沙子,2008-12-28,40.0,前半部比后半部好
追风筝的人,不死渔夫,2011-03-09,,改变了我因为19：00对阿富汗20多年的曲解
追风筝的人,ANNXXNA,2010-10-24,40.0,往事会自行爬上来。
追风筝的人,九尾黑猫,2011-06-02,40.0,“为你，千千万万遍。”我想，小说描写了一种最为诚挚的情感，而且它让你相信有些东西依然存在。在这个没有人相信承诺的年代，让人再次看到承诺背后那些美丽复杂的情感。这是一本好看的书，它让你重新思考。
追风筝的人,福根儿,2013-09-18,50.0,为你，千千万万遍。
追风筝的人,知秋,2012-01-26,40.0,“来吧，这里有再次成为好人的路。”
追风筝的人,老袁,2011-03-09,30.0,1，鸡奸处太不可思议了。2，后面的故事有点像知音
追风筝的人,Lotus Eaters,2011-08-16,,和经典文学差一大截呀。
追风筝的人,桃桃淘电影,2007-02-24,30.0,关于教父的比喻应该是错了，不知是翻译的问题还是原作的问题
追风筝的人,SaintCyr,2013-01-25,30.0,故事挺好的，除去与阿塞夫重逢的脱线情节。可这根本是部美国小说，阿富汗仅仅是噱头。回想起一次别离给我的震撼，真是对它喜欢不起来。
追风筝的人,ayi,2012-01-05,20.0,鸡汤。
追风筝的人,安诺,2014-02-13,50.0,你有没有做过让你后悔一生的事？
追风筝的人,大島,2013-10-29,50.0,阿米尔追回了他的那只风筝，五星好书。
追风筝的人,Wunching,2014-12-15,50.0,从头哭到尾啊……童年回忆那悲凉而充满罪恶感的气氛让我想起钢炼…哈桑的善良实在太沉重了。。书本的感情非常触动人心。。。
追风筝的人,麦姐,2013-07-09,50.0,善良就是一种勇敢。
追风筝的人,海马,2016-04-28,20.0,流行书，然而并不好看，无情节无文笔
追风筝的人,好嘢！,2014-07-11,30.0,几乎贯穿全书这么软弱无能的主角真少见
追风筝的人,小恩姑娘。,2016-05-22,30.0,在读英文版，好故事，但是实在太过啰嗦，仿佛要忍着作者的喋喋不休才能读下去。
追风筝的人,[已注销],2011-08-28,50.0,人性的救赎。卡勒德.胡赛尼的文字不华丽，很干净，也很深沉。同《灿烂千阳》一样，《追风筝的人》让现代人看到了不一样的故事，让我们惊讶，如此繁华的世界背后，还有这样沉重的悲伤。
追风筝的人,芳汀的花园,2010-09-26,30.0,看完的时候哭了，事后却又没有感觉了。奇怪。
追风筝的人,顾惜朝一不小心,2014-10-08,40.0,许多年过去了，人们说陈年旧事可以被埋葬，然而我终于明白这是错的，因为往事会自行爬爬上来。我知道电话线连着的，并不只是拉辛汗，还有我过去那些未曾赎还的罪行。为你，我千千万万遍。那儿有再次成为好人的路。
追风筝的人,hua,2008-08-22,30.0,作为处女作来说，雕琢痕迹太重。
追风筝的人,偷油猫,2011-10-23,40.0,书和电影都看过，很能抓住人情绪的书。后来去尼泊尔的巴德岗，看到满街的孩子放风筝，让我突然想起这本书。值得一看。
追风筝的人,Miss power,2009-11-11,40.0,我不喜欢这种阴郁的东西。
追风筝的人,贝比去南极✈,2010-06-18,30.0,搞什么  后面是在拍韩剧么？
追风筝的人,小锡兵,2009-02-03,30.0,不喜欢
追风筝的人,玛可塔,2011-08-01,50.0,看到最后几页左手边好重。。
追风筝的人,瓦达西瓦又又又桑只爱这巧克力,2013-11-16,30.0,崩坏的最后一章。
追风筝的人,小城,2016-06-06,30.0,有无数个可以获高分的理由。但那些都不是我喜欢的人，正直到愚昧的哈桑，自以为救赎可以洗脱罪过的阿米尔。那个也不是我喜欢的世界，这世界上没有比告诉一个人你一出生就是个服侍人的哈扎拉更可怕的事了。人生而自由！
追风筝的人,李苦瓜,2015-10-17,50.0,我得很矫情地说：在这烂透了的十月，这本书救了我。或者说这本书的前半段救了我。我在那个敏感、懦弱、对自己苛刻的阿富汗小男孩身上看到自己少年的影子，然后理解并且原谅了现在的我。“我们是忧郁的民族”。破碎的故土、盲目的杀戮，比起那些苦难，我的痛苦反而像是礼物。
追风筝的人,meiya,2012-07-23,40.0,展现了阿富汗生活历史画卷，也表达了对自我的救赎。故事也曲折，老爸死了才知道自己的仆人是同父异母的弟弟的，而自己却逼走了弟弟。
追风筝的人,清秋雨薇MOMO,2015-04-04,50.0,我想我们都希望有一个为我们追风筝的人，他在街角回头莞尔一笑，他说，为你，千千万万遍。。。。。。
追风筝的人,R1,2011-03-13,30.0,作者真他妹别扭
追风筝的人,艾弗砷,2011-09-27,10.0,写得很有镜头感，有景深有蒙太奇还有闪回。可惜镜头组合的结果是我所不喜的好莱坞煽情风格。我只看到一个被美国洗脑的可怜的阿富汗人。
追风筝的人,bear.07煩躁地,2014-09-26,40.0,感谢徐涛的倾情演绎，听完了想看许久的书
追风筝的人,Amberose,2017-05-16,50.0,阿富汗曾经也有过充满希望的时代，现在再看，真是令人唏嘘
追风筝的人,今天小熊不吃糖,2008-08-12,50.0,还记得那天晚上陪他加班，这本书让我泪流满面……怀念那个夜晚
追风筝的人,恪彥,2013-06-26,40.0,"""我"",始终是个用“怯懦”来形容,实际上奉自我利益至上的人,至始至终没有改变...哈桑,祭品...阿富汗,曾经觉得那么理所当然,在此时却如斯心如刀割..."
追风筝的人,影志,2008-06-03,,梦工厂的电影版上映在即！
追风筝的人,方枪枪,2011-07-31,40.0,一个关于爱和救赎的故事
追风筝的人,劈头士》睁木,2013-05-29,30.0,异域风情+人性正能量。。。这样的畅销书还是比较容易炮制的。。。最后，美国成为极乐净土一样的归宿。。。没什么打动到我的地方。。。就这样吧。。。
追风筝的人,徐若风,2013-06-01,40.0,挺好的一本书，但不是最好。
追风筝的人,神威,2017-07-06,50.0,休憩138th，读到一半喉头哽住时，觉得哈桑的身世反是败笔，让很多情感变质失色。读到八成。才反应过来是父子两代同样的救赎，不同理由的内心痛苦与折磨，交织国家与民族的悲凉命运以及大起大落的转折，合奏出一曲属于时间的故事。最后中年人阿米尔撒开腿奔跑如儿时哈桑时，眼泪终于糊住视线
追风筝的人,Strongart,2015-11-19,50.0,极其感人的故事，以致于其中的一些巧合，反而是削弱了它的感染力。
追风筝的人,狷介有乌青,2016-06-21,50.0,过往并不会随着时间的流逝而消失，它历久弥新。为你，千千万万遍。为你，将童年的每一个瞬间都重演。为你，我救赎我自己。为你，用我余生祈祷。
追风筝的人,好姑娘老妖,2012-10-22,50.0,真的是强大的一本书
追风筝的人,猴头虫,2012-12-27,40.0,先看书，后来连电影也追着一起看了。我不得不承认，我们把阿富汗妖魔化了不少。。。
追风筝的人,Lavender,2010-09-17,50.0,"For you, a thousand times over."
追风筝的人,方块阿兽,2014-05-24,40.0,许多年过去了，人们说陈年旧事可以被埋葬，然而我终于明白这是错的，因为往事会自行爬上来。
追风筝的人,jfgjjj,2018-02-10,40.0,这书要静下心来慢慢读，有时间的朋友假期可以看看？
追风筝的人,阿齐啊,2015-01-06,40.0,前面很好。后面三分之一太刻意，关键处是靠巧合支撑的，这让我想到了狄更斯，想到伍尔芙评价他的那句：像小报一样骇人听闻、狗血煽情和难以置信。比起狄更斯的狗血，胡赛尼要好多了。但无论是狄还是胡，他们的作品都拥有强大的精神力量，这个是很打动我的。
追风筝的人,Evol,2014-09-20,40.0,看哭了，但后半部分怎么突然像打了鸡血一样跟前面的朴实风格不一样了。
追风筝的人,Miffygaga,2007-02-21,50.0,对阿富汗的深入。人性的探究。无人不为己。追求私利之后要懂得反省与赎罪。
追风筝的人,企鹅兰登中国,2007-12-23,,企鹅出的英文版哦！
追风筝的人,达斯佛™,2010-10-23,40.0,在阿富汗人的字典里，没有多难兴邦这个词
追风筝的人,眼已垂落,2016-07-04,30.0,历史背景很沉重，然而故事本身太狗血，接受无能。
追风筝的人,大-燕-威-王,2012-05-10,50.0,我真觉得电影拍得没有书写得那么好。
追风筝的人,弗,2012-09-05,50.0,看得我差点哭了
追风筝的人,Green DNA,2013-01-28,50.0,大半夜的哭着看完了。今天早两个眼睛又酸又肿。
追风筝的人,戴搞新意斯妖,2018-03-05,30.0,无法引起深层次共鸣。
追风筝的人,ZWW,2017-07-18,50.0,为你，千千万万遍
追风筝的人,秦阿眠,2012-01-26,,轮岗间隙看完了经年前开的头。。。意料中的眼泪稀里哗啦。关于童年，友谊，勇气，背叛，父子，民族，和洗涤心灵。推荐给所有经历苦难的孩子。
追风筝的人,Ms.A扑柔,2009-03-20,30.0,一点都不好看  电影也是
追风筝的人,掉线,2018-02-24,50.0,文笔极煽，情节编排精致，但若仅如此，即便赚足眼泪，它也只能算作又一本以大量戏剧性场景去造作迎合观众，不上档次的畅销书。但作者将阿富汗的历史和战争，浓厚的乡愁情怀融合进来，让小说本身被升华了意义。看的过程突然想到个问题：若阿米尔去了美国后未沦落为穷人，他还会回到阿富汗赎罪吗？
追风筝的人,进宝,2011-11-04,50.0,人家就是很喜欢嘛。
追风筝的人,Lynn,2014-11-16,50.0,看到凌晨两点 值得 能让人一口气读完的书越来越少了
追风筝的人,三七莲华,2012-01-16,50.0,看哭了
追风筝的人,浠墨,2011-03-21,30.0,咋我觉得很拖沓，也没啥好感动的。可能因为仅是流行小说吧……
追风筝的人,卷儿，　　♡,2011-11-07,50.0,特别感动 几次都要落泪。真情人性正直。
追风筝的人,龙力发电悠小颜,2016-03-30,40.0,越往后读琼瑶味儿越重，但总体上来说还不错，挺感人的，但真的越往后越琼瑶
追风筝的人,玑衡,2010-11-28,50.0,多年前读的了。
追风筝的人,孤往,2015-11-25,40.0,种族，性别，宗教，历史，阶层，内心挣扎，自我救赎，再次成为好人的路。
追风筝的人,我叫卢大胆,2010-05-23,50.0,为你，千千万万遍
追风筝的人,如是,2018-03-05,50.0,愿众人皆可回头，愿岁月皆得宽恕。一路读，一路哭。
追风筝的人,MaY°玫,2012-02-03,50.0,读前半段的时候自然而然地想起了鲁迅先生也写过的那篇风筝。不一样地是一个是连救赎地机会都没有了。在天津买了英文版的。可惜一直还没看过。
追风筝的人,维纳斯的芍药花,2013-04-29,,不止是报应呀，它们最后都会到来的呀。
追风筝的人,菠菜,2016-11-24,30.0,第一次了解阿富汗
追风筝的人,熊阿姨,2006-12-02,50.0,06年最喜欢的小说
追风筝的人,冰糖木耳,2009-12-13,50.0,很感动~~ 一段长达一生的救赎~~
追风筝的人,喜静,2011-08-26,40.0,为你，千千万万遍。
追风筝的人,Alexa,2011-04-15,,文化差异巨大，感情才是共鸣。
追风筝的人,子规,2014-06-26,50.0,一本读来毫不费力的外国文学，一本值得一读再读的图书，一本像传记一样的小说。THE KITE RUNNER.
追风筝的人,璀璨,2009-04-08,50.0,在高空的风筝，全部的意义在于割断对手的线放它自由飞翔，像盘旋的鸟急急掠过天空。然后那个孩子，追着风筝的影子，确切的说，是站在某一个地方，等着断线的风筝降落在他的面前。他像个骄傲的英雄，却只是另一个孩子的士兵。孩子们不是填充玩具，我们不能用自己喜欢的颜色来填充他们。Amir的怯懦和倾斜的邪恶，都是童年时代必须正视的活生生的自己。为你千千万万遍。改编后的电影我也非常喜欢。
追风筝的人,李嗲Lydia,2018-08-09,50.0,令我震撼心灵的故事，第一次读外文小说如此酣畅淋漓，毫无生涩感，作者文笔浑然天成，翻译得也很好，自然，流畅，不做作。可以在我心里打满分的书。
追风筝的人,此情,2019-03-05,50.0,为什么哭成这个样子。啊。尽管有个happy ending，但我知道大多数孩子是等不到这一天的。心碎了好几次，这个故事沉甸甸的压在我心上，它在那里待着吧，多长时间都行。
追风筝的人,琼斯黄,2006-08-28,50.0,真的泪流满面，但不想看第二遍。
解忧杂货店,失控芭乐,2014-09-12,50.0,真的要到很久以后，才会明白，每一个选择只要努力过，都是正确的选择。
解忧杂货店,天亮天黑,2014-09-25,50.0,被第二个故事感动的体无完肤。那种年轻时的倔强、无法实现的梦想、来自家人的默默支持、心中的悔过与愧疚、直至最后坦然接受命运……当他的梦想以另一种方式被实现时，那份不易，让人鼻子一酸。
解忧杂货店,mangojune,2014-07-10,30.0,东野圭吾君肯定是村上春树上身了，不仅有披头士的酒吧，还阐述了所有的相逢都是久别重逢，即使无法在一起，在命运中还是有一条细细的红线。
解忧杂货店,向亦异,2014-08-20,50.0,我想把这本书推荐给我所有重要的人看
解忧杂货店,Miffygaga,2014-07-30,40.0,对于东野来说，这是一本温柔的小书。可能也只有东野，能把看似这么多温柔美好的小故事，巧妙精致地联接起来，读到最后一分钟，才恍悟原来前后都是有必然联系的。人生如此奇妙，不好好过又对得起谁。
解忧杂货店,阿联酋十四阿哥,2015-02-14,50.0,书里面附赠了一个书签 也许编辑没意识到 有些书是不需要书签的
解忧杂货店,钟,2014-10-27,20.0,浪费了火车硬座上的深夜时光，这本书口碑很好，期望过高，读完觉得差劲。每次看到kindle上某一段有很多人标注的时候真不明白这本书里有哪些字句值得标注出来。
解忧杂货店,孤傲的猫,2015-02-27,50.0,丸光园像是守护孩子们的母亲，而浪失杂货店像是教导孩子的父亲，浪失爷爷和皆月奶奶虽然没能在一起，但是他们无疑一起养育了很多孩子，使其成为了了不起的人。
解忧杂货店,苏比,2014-08-03,30.0,白夜行的结构，平行世界的构思，击不中痛点的煽情，做作的巧合，excel写作的作者。还不如看天涯帖子，我要回1997年了。
解忧杂货店,2koo,2014-07-06,30.0,时空交错和多线索叙事的高端治愈系鸡汤。最后一个故事减一星。预言者教人把握时机炒股和投资房地产的桥段实在是败笔。
解忧杂货店,望仔滚去减肥,2014-09-07,40.0,最喜欢最后一个关于白纸的回复，能够给出这样的回答爷爷真是太棒了！关于浪矢杂货店和丸之光孤儿院的羁绊，我想大概是多年前那对未能私奔成功的男女在冥冥之中对彼此的眷恋吧，就让我们在天上照顾彼此挂念的孩子们，这样想会不会觉得很温暖呢？推理界的言情小说家写出了这样推理气息单薄的故事，居然还不难看，真是略意外啊。
解忧杂货店,愛永,2015-02-15,50.0,《解憂雜貨店》解的是別人的憂，卻在無形中填補了我們內心的破洞，並用最巧妙的方式告訴你：微小卻長存的善意，才是解憂的不二之法。
解忧杂货店,is4dog,2014-07-13,30.0,技巧近乎完美，但内容其实……老套路啊。真是厉害的作家，可惜只能是个匠人——没有原创灵魂，写别人故事的匠人
解忧杂货店,水湄物语,2015-01-11,40.0,其实所有的答案都在自己的心里。
解忧杂货店,Leo____L,2015-01-02,50.0,"一本打动人的书！就像金庸会写出鹿鼎记一样，东野圭吾也会写出解忧杂货店这种非典型作品，但是这不能妨碍它成为寒冷冬天的温暖解药，读第二遍感觉更好。神来之笔的时间空间转换，几个的小故事，人与人的羁绊，从低谷到转机，从忧虑到豁达，来自这么一个不起眼的杂货店。在奥运集训和陪伴男友中选择；鱼店音乐人留下的""重生""；和父母跑路的木雕家保罗列侬；为经济窘境选择陪酒小姐的汪汪；而解答33年前疑惑的3个偷车人，在无意中抢劫汪汪出逃后，继承了店主的意志，最终收到了浪矢给出的人生解答：空白的地图要自己去画！杂货店和孤儿院，浪矢与孤儿院主人的感情凝结成神秘的时光隧道，两条神奇的脉络不断地穿插在各色人生之中，给人一种大片的即视感！在寒冷的冬天里给人无限温暖和希望！"
解忧杂货店,Ivy.M,2014-09-08,50.0,谢谢你，浪矢爷爷。
解忧杂货店,小桃仙,2014-10-24,50.0,非常好看啊，他的书从来没让我失望过。腰封上有个人的评价我觉得很贴切“人们总是在不经意间与他人的人生紧密相连”。可以向陌生人咨询烦恼真好，有时候不为解惑只为说出来。
解忧杂货店,去精神病院走走,2014-08-11,50.0,一个圆满而完整的故事，没有一点漏洞，构思极其细致精巧，已超越《白夜行》
解忧杂货店,陆小包,2015-03-23,30.0,东野现在已经是专门贩卖鸡汤的了，这书红是挺红的，地铁里也见到人看过，同事那一堆书，都是什么路过心上的句子、微博段子集，里面居然也有这本。打开一看浓浓的鸡汤味扑面而来，第一篇读完还挺鲜的，第二篇最高，淡淡的挺有滋味，后面两篇也没拖后腿差点要给四颗星，结果最后一篇本性毕露，齁死我了！恶意煮鸡汤，千万别上当，只能给三星，不能跟着浪。
解忧杂货店,王大根,2017-11-27,30.0,这说是张嘉佳写的我也信
解忧杂货店,danyboy,2016-01-20,20.0,就算是用推理小说的结构并设置了悬疑主题，但归根到底还是一碗鸡汤么。松松垮垮的故事，装模作样的内涵，也恐怕只能打动中学生吧。
解忧杂货店,TeresaK,2014-06-30,50.0,一直以《白夜行》的阴暗悲凉定义东野，但《流星之绊》让我认识到这个内心敏锐的男人其实有些许温情，但不愿流露。《解忧杂货店》却一改以往东野对温柔、善意的吝惜做派，篇篇时空交错、藕断丝连的人物构成了最柔软的整体，有爱有泪，让人相信真实的人间，也有一间浪矢杂货店静谧开在僻静的路边，等待为你开启咨询生活悲喜剧的业务。强推~
解忧杂货店,海棠,2016-08-22,50.0,这大哥写书比我看书还快！
解忧杂货店,Vamei,2015-07-21,40.0,人其实早就知道答案。他需要的，或许只是一个鼓励。或者连鼓励都不需要，只需要轻轻一碰。
解忧杂货店,琦殿,2015-01-02,,我是受不了小温暖了
解忧杂货店,小愉深情款款地,2014-08-06,40.0,东野圭吾走温情路线最喜欢的一本是《时生》
解忧杂货店,萨库拉,2015-04-12,30.0,做作到…感觉是东野圭吾说来写一本畅销书吧，于是便有了这本书。他大概读了不少伊坂幸太郎（呃），但还是差了不止一个段位。
解忧杂货店,李小丢,2014-06-13,50.0,继《白夜行》之后，又一部把我打动的不行不行的东野圭吾作品，而且，是那么的美好，一点也不鸡血的，从容温暖的正能量啊。
解忧杂货店,我爱阳光•月心,2015-10-12,20.0,都不好意思说自己看过这本书。。。这么明显的鸡精味儿。
解忧杂货店,柴斯卡,2014-12-29,,轻到近似鸡汤的小品作，这个分有点见鬼。路是自己去走，建议与指点，不求有用，但求有。情感专栏虽是胡扯，但他们毕竟陪你犯错并消灭孤独——反正也无所谓对。导师之所以是导师，一多半是因距离产生光环。解忧杂货店像社交网站：陌生人在冥冥之中牵住你的手，假面下的真实荒诞不经，近乎停电后跟随盲人摸着走……
解忧杂货店,范筒,2015-04-19,30.0,东野圭吾和村上春树究竟谁更喜欢Beatles？
解忧杂货店,小川叔,2014-09-02,50.0,看到回信的那段，觉得这不就是自己做的事儿么？哈哈哈·~~
解忧杂货店,杨迪,2015-11-01,50.0,我爱这书中牵牵绊绊的一些人和事，你写了信，其实你就有了答案，请按照你想的去做，都会有未来。
解忧杂货店,Pan小月,2014-12-30,40.0,想必会拍成日剧吧，太适合改编成剧集了。故事结构也是我很喜欢的那种写法。只是看大家都在讨论各个时间点和其中的bug，觉得有些无味。比起严丝合缝地分析书里的细节，那一段段向陌生人倾吐烦恼的人生，那些【人生】本身，才更重要吧。
解忧杂货店,光寒,2014-10-28,40.0,果然熬的一手好鸡汤。这书最适合那些没事就喜欢把自己当成人生导师回答粉丝一些生活事业爱情问题的豆瓣红人以及那些没事就喜欢把那些豆瓣红人当成精神导师经常就给他们发一些生活事业爱情问题的豆瓣卢瑟看！（谁能一口气读下来！！！）
解忧杂货店,Linger,2014-09-13,20.0,有点失望呢，虽然尝试不同的创作风格也不是坏事，但就事论事圭吾伯伯真不适合这种小清新。故事结构不错，人与人之间的关系也读来有趣，可这有什么用呢？我期待结局有什么玄机，却发现这些人与人之间的关系存在的唯一意义不过是过渡段Orz。。。。尴尬。。。。虽然与过去连接的小屋子这个梗很科幻，解忧店的梗很温暖，但故事本身乏善可陈，没有太多值得回味，大概因为毕竟不是以深度见长的作家吧。
解忧杂货店,Pirouette,2017-02-21,20.0,第一，陈腐的匠气扑面而来；第二，啰嗦至极；第三，太tm啰嗦了！！！！！我一边读一边觉得一个更年期激素分泌不稳定的大妈在我身边叨叨叨叨叨叨叨叨个没完来来回回两句话。
解忧杂货店,梁小凉,2014-09-09,50.0,冥冥之中，自有天意， 一切有为法，如梦幻泡影，如露亦如电，应作如是观。
解忧杂货店,胖达叔,2015-08-05,50.0,有些小说靠的是与众不同的人生经历，有些靠的是烧脑的架构，此书属于后者，用精巧的结构讲简单的故事，自己越写得多越能意识到这样写作的技巧之难，我啥时能写出这样的作品也就夕死可矣。
解忧杂货店,微笑【。,2015-06-04,20.0,居然这么高的分，实在是不太感冒的一本，少打一星拉低一下。
解忧杂货店,熊阿姨,2015-08-08,40.0,前半段看故事，从晴美开始看的就是结构穿插的技巧了。高档快餐型作品，几小时读完有阅读快感，之后也不会有太多余味了，一个悬疑作家撸袖子写篇鸡汤，可真是件手到擒来的事儿。
解忧杂货店,神威,2014-11-27,50.0,休憩102nd，一直对畅销君口下留情，因为我真的不觉得他哪里值得黑，杰作众多，平庸之作不少，但是惜墨如金如约瑟夫铁伊的推理作家本就很少，写作节操恶劣百倍的古龙也没被骂过啊。但是归根结底，我喜欢畅销君还是因为他最好的几本书深深打动了我，这本书读的好感动，暖暖的善意和温情有高于生活的力量，解忧杂货店如同深夜食堂，将是我神往的角落，他人骂自骂之，好书老子自读。
解忧杂货店,易烊万喜,2016-04-12,20.0,之所以读东野圭吾，绝对不是想看他写韩剧。
解忧杂货店,苏简,2014-11-24,40.0,我的内心破了个洞，重要的东西正从那个破洞逐渐流失。
解忧杂货店,沉歌,2016-02-12,30.0,东野圭吾、浦泽直树这代日本男人的童年里都有一个未尽的大阪世博梦
解忧杂货店,小岩井,2014-11-24,40.0,故事本身乏善可陈，看过触不到的恋人的肯定觉得这个梗很熟悉。但是环形叙事的结构和多线展开的人物，还是饶有趣味的。
解忧杂货店,张躲躲,2015-03-05,40.0,不得不叹服，这个故事编得太奇妙太有意思了。唯一美中不足的是，编得太过圆满了。
解忧杂货店,虚构死亡纪事,2015-04-11,10.0,侮辱智商
解忧杂货店,水母母,2015-08-01,50.0,比起黑暗中一点白光的白夜行，我更喜欢东野这本拼图一样的书。人的某一个选择，可能就会让人生走向完全不同的另一条道路。“以前他经常在仓库的墙上乱写乱画，老爷爷也不生气，只是跟他说，反正你都要画，给我画得好看点。”“如果自己不想积极认真地生活，不管得到什么样的回答都没有用。”大概就是爷爷说的那样，既然现在已经走到这里了，那就做的好看一点。
解忧杂货店,建筑民工,2015-02-19,50.0,几年前开始养成的春晚看书度过的习惯，今年看的是这本，非常温暖，整体架构跟云图一样，每个故事都是一个自我救赎的过程，期待能将这本也拍成电影。看完对日本社会非常好奇，一方面是闪烁着各种人性光辉的温暖，另一方面似乎又十分冷漠和压抑，虽然去过，也和在日本读书工作的朋友交谈过，但还是无法深入了解。
解忧杂货店,扭腰客,2017-10-29,20.0,伊坂幸太郎才是真正的正能量，东野圭吾只是一锅廉价的鸡汤。但偏偏是近些年的书，卖得越来越好，人心的浮躁，俗世的功利，思辨的肤浅，看来真的是世界大势了。科学的大爆炸，似乎注定会让时代人自豪、自强、自大、自闭，只有撞上科技的南墙，才转回内心，迸发出文艺复兴，一声叹息。
解忧杂货店,匡匡,2017-04-19,30.0,这本书可把我给愁死了。从没阅读一部虚构类畅销读物花费过这么久的时间，它堵塞着我的阅读通道，不读掉它疏通通道，就没法开封下一册。有时我暗暗觉得：自己为了拖延执行读完这本书的艰巨任务，硬是撂开它干完了好多正事儿、看了好多电影。说东野圭吾是村上春树附身的，确定不是逗我玩儿？这啰哩吧嗦啰哩吧嗦啰哩吧嗦的叙述，兑水的文笔，看得好多次生气暴躁想摔书。快别埋汰村上了好伐？自从看了日剧《代笔作家》，深刻怀疑东野圭吾这些年怕是找到代笔了。
解忧杂货店,元婴,2015-01-08,30.0,唉，评分那么高，我却觉得一般………只有那个藤川的故事比较让我有印象且多少为我不能理解的父爱惊。虽然有点温暖，但不觉得怎样。看完这本我开始怀疑为什么东野有那么多粉丝，于是我又看了《秘密》跟著名的《嫌疑犯x的献身》，我发现，我果然get不到他到底有什么牛逼的…这就是人与人之间的鸿沟吧……
解忧杂货店,mumudancing,2015-05-21,30.0,比较喜欢奥运健将、放弃Beatles的两章。整体来说结构胜于故事本身，如果太巧合，就会觉得太刻意。探讨人生的岔路口，永远是个巧妙的命题。
解忧杂货店,摩亚的SF,2015-02-04,50.0,人们喜欢跟时间有关的故事，虫洞穿越也好，穿越时空也罢，就算你读过了所有跟维度、空间有关的书籍，轻松谈论相对论又能怎样。我们能够看到的总是这个奇妙宇宙的一隅，人的力量之于浩瀚星空而言都只是沧海一粟。然而那些温情的故事却总在告诉我们，苦难是人生的必经路，幸福是能增加法力的小蘑菇，可能它们隐藏在陷阱上，也可能触手可及，有的人因为惧怕未知而闪躲一生平淡，有的人因为运气好一马平川，有的人不断尝试却屡次回到原点，但是别害怕，要知道你还有无数次重来的机会，直到你走到路的终点。
解忧杂货店,简里里,2015-02-20,50.0,上火车前买了一本。昨天断断续续看了一天。看得我浑身起鸡皮疙瘩，很感动，真是本好书。
解忧杂货店,牧童,2015-06-25,50.0,浪矢连接了善意，行的善都最终都投向丸光院，是对年轻时爱人的守候
解忧杂货店,铁岭芭比,2014-12-25,30.0,我能说我还是更喜欢他写的推理么(╯_╰)
解忧杂货店,Doublebitch,2014-07-26,50.0,看哭两次
解忧杂货店,成知默,2014-07-08,30.0,无甚新意，无感，东野圭吾的穿越式鸡汤，所谓“解忧”，不过是激发那些内心有着破洞的人真实的想法，让他们自己最终找到自己的路。仿若时光机般穿越几十年时空与人事的杂货店，人与人之间的离合，各自命运与际遇的牵连，倒是很有日本治愈系电影的风格。
解忧杂货店,慕明,2016-01-06,30.0,飞机上看的。。写的还好，不过完全不能get到为什么这么火
解忧杂货店,姜来福,2015-12-26,,作者要坚持自己的最高水平，明明可以写一流的东西，但因为得意于“我随便搞一下就比那些笨蛋强”，习惯于花六分力气写二流作品。但六分力气也会消耗人，占有写一流作品的时间与心气。最后就会变成东野这样，白夜行的作者写了一部又一部老娘舅。
解忧杂货店,刘小昭,2017-11-14,40.0,在你问别人之前，其实心中早就有了答案。
解忧杂货店,撒旦的表妹,2015-04-29,40.0,一个故事从不同人的角度来写，写成了六段，确实跟他之前的风格差很多，大概是《白夜行》这类故事写多了，也需要一点光明的东西调节一下吧。
解忧杂货店,曾于里,2015-03-23,30.0,其实就一通俗小说
解忧杂货店,晴天minami,2015-08-26,50.0,谢谢你的推荐，跟很多人一样，我也从浪矢爷爷，和那三个可爱的青年那里得到了真正的咨询回复，我这只迷途羔羊，一定会按照自己手上的地图，努力走下去！想来你也曾经因此获得过帮助。不过不管怎么样，我为我曾经抱有过的恶意感到愧疚和抱歉，生活是自己的，我们都需要努力过好。谢谢你，小姑娘，我们都会幸福的，因为我深信，我们都一样善良！
解忧杂货店,白,2014-09-12,40.0,好读，穿越，日式温情，这都不说了，牛逼的是....最后能把一本书里所有人都串起来！太神了，逻辑学这是。
解忧杂货店,支离破碎,2017-01-28,20.0,我去，太难看了，东野最烂的书。却叫好又叫座，理解大众尤其是日本大众审美的重要窗口。东野的絮叨文笔大成之作，馊掉的强行鸡汤和泛滥的多线叙述加时空交集，还敢洋洋自得说希望大家从未看过这样的小说，这得是多么人到中年知足长乐才会有的自信，这要是第一次看他书就手动永别了。
解忧杂货店,Ann,2014-11-22,40.0,好温情，更是讲了一个很重要的道理，找人咨询问题的时候，其实我们心里早就有了答案，只是我们不敢确定，或是明知自己做的不对还是想要继续，总之，能真正听进去别人的意见真是难得又宝贵。而别人的建议也终究只是建议，真的是要自己明白这些道理真的能够做到改变，才能解决自己的问题。
解忧杂货店,饥饿艺术家,2015-02-23,30.0,靠未来之人帮过往的人事进行判断从而消除烦恼真的有点钻空子了诶。人生中大多数烦恼不过是奥运会选手那样，靠己力与外物变化，日子也就过下去了呀。
解忧杂货店,Dr.Maydorome,2015-01-07,50.0,非常非常非常棒，直到写书评的时候眼眶还是湿的。我已经大概有好多年没有看过这种拿起了就再也放不下来的书，忘记了时间，忘记了我在哪，一口气读下来直到看到书的最后一个字还恋恋不舍。不用预知未来，我也知道它必定会在我的人生里回响下去。
解忧杂货店,影随茵动,2014-04-28,40.0,几乎是东野圭吾最不推理的一本，人性的恶与阴暗似乎是东野作品的常态，但是《解忧杂货店》一改此风，只能用温暖与明亮来形容，满满全是正能量啊。
解忧杂货店,尉迟上九,2016-04-03,30.0,的确可以不费吹灰之力流畅地读完，时空的串联和交错设计得很聪明，但巧合的痕迹未免太重了，作者的意图不能更明显，彼此交织在一起形成一种看似合情合理的微妙关系，前后联系起来看刻意得让人反感，每一个故事都在努力的说明一个关于人生的道理或真谛，难逃日式治愈系的俗套路线，挺失望的，形式远远大于内容，但也仅限于讨巧。
解忧杂货店,叶纸君,2016-09-26,50.0,每次看东野奎吾都忍不住一口气读完了
解忧杂货店,小二,2015-01-04,30.0,这部作品稍微多说两句，这是一个朋友邮寄给我的，内中还有一封信。信里谈了他的苦恼，很真实。我也就比这位朋友痴长几岁，对人生的种种困恼并没有太多的好办法。如果您能看见的话，有两句话想跟您共勉：一是“孔曰成仁，孟曰取义。读圣贤书，所谓何来？”一是“一说便俗。”至于东野君的这部作品，温暖度够了，也仅仅是温暖而已了。
解忧杂货店,末摘花,2018-07-03,40.0,治愈系小说
解忧杂货店,苏豆芽,2016-06-17,40.0,一本略无缘分的书 读了一半
解忧杂货店,艾小柯,2018-04-21,30.0,非常好看的一锅温润鸡汤，时间线交错安排得井井有条，很工整呼应。情绪低落时不妨一读。
解忧杂货店,好姑娘老妖,2015-01-26,40.0,东野大神脑残粉 这本很温暖
解忧杂货店,晴耕雨读,2014-08-28,50.0,棒棒棒！无法言说的感动。
解忧杂货店,雨飘泥香,2014-07-22,40.0,冥冥之中的注定，过去与现在的联结. 与Beatles有关的那个故事最是动人，最重要的是心在不在一起。
解忧杂货店,Oski.,2015-10-11,30.0,下载手机里的电子书时断时续的看终于看完了。时断时续是因为没有完全被吸引，偶尔觉得情节对话幼稚不得不终止。看到全五星的评论占大多数也是有点吃惊。整一个创意不错，解忧的杂货店。但从第一章开始三个人的对话就让人觉得过多累赘，不停地解释，不停的圆场，更何况还是三个大男人。书中很多描写和对话看上去就像是语文不错喜爱业余时间写作的初中生还未看透世事为了打造自己内心乌托邦努力写就的完美城堡。对话为什么这么繁琐呢，一个人物总是会不停的问问题，另一个人就把这种无意义的问题再解释一遍。很多人觉得人物之间的联系很完美很精致，但这种过度的完美实在让剧情不完美，看着看着越来越觉得幼稚，也像是小孩子总是沉迷自己心中的理想世界，绞尽脑汁要让每一条线都串联起来。当初《白夜行》中两条线贴合对照就很好，何必织成网？
解忧杂货店,王牌飞行员,2015-09-05,50.0,浪矢老爷爷的话，大意是说，人生充满可能性，要好好地去活一次啊。
解忧杂货店,某四,2015-02-25,40.0,为了送人（咦？）速度看完了，作为春节读物还是合格的，端着个揭示人生真相的架子却依然狗血温情，吐槽控会看笑，玻璃心会看哭。东野好猜玩起结构来也是蛮拼的，拍成电影八成好看。
解忧杂货店,BigFatWendy,2015-01-11,30.0,很多太过戏剧化的反转并不喜欢，励志有鸡汤之嫌
解忧杂货店,小涛,2014-08-14,50.0,其实是我第一次看东野圭吾的书，太治愈了吧这本，但真的很感人。一堆寂寞与失意的人，因为老爷爷的杂货铺，联接起了一切。人有时真的是需要人安慰和鼓励的，但会发现能真正安慰和鼓励自己的人越来越少……
解忧杂货店,信心不逆的熊宝,2016-02-24,30.0,看完第二个故事就不想读下去了。没有大家评论得那么好看。
解忧杂货店,陈三趣,2014-11-20,,东野叔叔真是讲故事的一把好手……
解忧杂货店,兰凯茵,2015-08-10,50.0,目前也面临着烦恼，好想给解忧杂货店写一封咨商信。而且也好想开一家解忧杂货店。〉𠆢〈
解忧杂货店,方枪枪,2015-01-12,30.0,悬疑短篇鸡汤文，看似独立的故事间有着千丝万缕的联系，而里面有些情节看起来有《触不到的恋人》的味道，相信或者是作者从电影里得到灵感，或者是与电影故事导演间心有灵犀吧。
解忧杂货店,国王KING,2015-09-22,50.0,「你不必想太多，再搏命努力一次，即使到时打了败仗也无所谓，一定要留下自己的足迹。」「相信我，即使现在再怎么痛苦，明天一定会比今天更美好。」「一切都掌握在你自己手上，你很自由，充满了无限可能。这是很棒的事，我衷心祈祷你可以相信自己，无悔地燃烧自己的人生。」没想到东野也会写出如此暖心的作品！几个小篇章十分的感动……浪矢杂货店是个温暖人心的存在。东野还在这部作品里玩了一把多线叙事！
解忧杂货店,一曲微茫,2016-04-21,20.0,"糖水文,日本这样的小说挺多的,而且都特别认真,特别腻."
解忧杂货店,有心打扰,2014-10-23,50.0,一部内容应有尽有的小说，却又如此的引人入胜，实在无法停下，已经很久没在东野圭吾的书里面有过这样的感受。结构是很出彩，缘分命运在书里面显得如此的恰如其分，所有人最后都能够联系起来，这就是生命与社会的论证关系。解忧，其实就是寻求一个别人对于自己内心答案的回答，肯定也好，否定也好，都是给予自己更大的勇气和决心，然后更努力的前行和奋斗。
解忧杂货店,叶枕,2018-06-07,30.0,你们对东野圭吾有什么错误的理解吗？什么都能写一点但都不是最好，校园青春文学写得最好，社会派总沾一点，推理时灵时不灵。这本一口大鸡汤仅仅是温故知新罢了。这人最好的是白夜行，恶意嫌疑人还凑合，盖棺定论了。
解忧杂货店,麋鹿橙,2014-07-29,40.0,真心是治愈之作 几度看了起鸡皮疙瘩 在故事里把好几个人物串起来这一点很高明 中间穿插的几个故事也是完全不同的立意 梦想 前程 亲情 爱情 事业 涉及了很多关于人生的话题 也是尽可能地把能给年轻人的忠告都说了一遍 最喜欢《听着披头士默祷》
解忧杂货店,砚小朵™,2014-10-22,20.0,东野君水准之下的作品，太温情了！不过看似很适合拍成TV，东野你要不要为了映像化这么丧心病狂？！
解忧杂货店,李苦瓜,2016-02-12,50.0,“人们总是在不经意间与他人的人生紧密相连” 大约就是羁绊吧？东野圭吾越发温柔了啊。
解忧杂货店,服部平次,2018-03-22,40.0,更喜欢《白夜行》，这本典型的日式温情，有鸡汤的味道。但能把一本书里所有人都串起来也是服了，逻辑真棒。
解忧杂货店,birds,2014-11-05,50.0,你问我一个选择题，我给你一个回答。这个回答依旧是个选择题，自己去回答它吧。愿你懂得，愿意幸福。
解忧杂货店,薇羅尼卡,2016-01-23,40.0,很快读完的一本书，结构及故事走向很容易猜到，已经不能算推理小说，而应该是地地道道的治愈系吧~！其中一段话深深共鸣：“来咨询的人都是内心破了个洞，重要的东西正从那个破洞逐渐流失。很多时候，他们心里已经有了答案，只是想确认自己的决定是对的。”
小王子,眠去,2007-02-08,50.0,十几岁的时候渴慕着小王子，一天之间可以看四十四次日落。是在多久之后才明白，看四十四次日落的小王子，他有多么难过。
小王子,小岩井,2012-01-09,,读了好多年，终于读完了，但是实在共鸣不起来，虽然知道那些道理，但真的觉得没什么了不起啊，是我还太幼稚吗？
小王子,[已注销],2014-10-05,50.0,我早该猜到，在她那可笑的伎俩后面是缱绻柔情啊。花朵是如此的天真无邪，可是，我毕竟太年轻了，不知该如何去爱她。
小王子,渍,2012-09-01,50.0,我的玫瑰花儿，只有四个微不足道的刺，用来抵御这个世界。
小王子,黛安Diane,2009-12-22,50.0,说实话 我看不太懂 但还是跟风给个5星吧 以显示我也是有思想有学识之人
小王子,河狸,2016-03-09,30.0,这是一本定位颇尴尬的名著，薄薄的一本小册子里充满了太多的暗喻和说教，对孩子来说看不懂且沉闷，对大人来说，也许能够理解其中一部分的暗喻了，但是却又早已成为了书中的“成年人”。
小王子,菱夏,2015-09-23,30.0,虽然我实在幼稚，但我并不怎么喜欢孩童般的纯净，我只爱风浪过后的平静，流水打磨出的清亮，大雪纷飞时的安宁，沧桑看透的纯真，我爱眼冷心热的庄子，人究竟无所逃于天地之间，各适其性，做自己认为有意义的事就好了，无论是统治宇宙还是喝酒点灯，对他们来说，都比爱一朵玫瑰重要，这不是很好的么
小王子,北溟鱼,2007-12-15,,不能理解的是，為什么它忽然紅成這樣？
小王子,猫伯爵,2011-02-04,50.0,他像一颗树那样倒了下去
小王子,蛇,2009-11-25,40.0,狐狸告诉小王子的秘密是：用心去看才看得清楚；是分离让小王子更思念他的玫瑰；爱就是责任。
小王子,杜边生,2007-12-09,,我老觉得小狐狸跟小王子是在搞GAY
小王子,7酱™,2011-11-12,50.0,第一遍读时，我才4岁。等到真的读懂，才明白为什么这是一部“童话”。
小王子,皮皮光我们走,2011-11-04,40.0,It is the time you have wasted for your rose that makes your rose so important.
小王子,Cassie,2015-10-07,20.0,痛苦迷茫不是因为成为了“可笑”的大人，而是成为大人却没有真正长大。所以回过头来想要从怀念童年中解脱缓解痛苦那是本末倒置的做法。如果你作为一个成年人觉得痛苦，原因不是因为你“成年”了，也不是因为是生而为“人”，而是“你”停止了思考停止了学习。
小王子,暴走系乙女药,2012-01-30,40.0,原来在我还不懂爱情的时候就爱上了你
小王子,[已注销],2012-04-27,50.0,"爱屋及乌，爱一个人会让周围的一切变得美好，连麦浪的金黄都会让人心醉。 
　　　　 
　　　　爱同样意味着责任。因为“你现在要对你驯服过的一切负责到底”。爱与被爱都有责任，每一段我们曾经付出过的感情，都必须为对方，为爱情负责，不是吗？ 
　　　　 
　　　　爱很多时候又会面临失去。小王子离开的时候，对狐狸说“那么你什么好处也没得到”。狐狸回答：“由于麦子颜色的缘故，我还是得到了好处”。爱同样意味着宽容，意味着放弃，也许我们在面对渐行渐远的爱情，该抱着平和感激的心态，因为我们起码收获了麦浪的金黄！ 
　　　　 
　　　　狐狸同样告诉小王子，“只有用心才能看得清。实质性的东西，用眼睛是看不见的”。只有这样，才能让我看清爱的本质。 
　　　　 
　　　　爱是什么？"
小王子,電気ブラン,2012-11-15,50.0,如果你是小王子，我就是那捉鸡的狐狸，求你驯养了我，却又对你说要你回去对你的玫瑰花负责。还大方地以为只要看见了麦田就会想起你头发的颜色。我却永远无法随你回到B-612星球。现在觉得，我可能只是猴面包树而已。
小王子,陳蘇蘇二逼人生,2011-08-14,50.0,一边读一边很想哭。太寂寞了。人类真的太寂寞了。
小王子,E,2010-06-06,50.0,漫山遍野的玫瑰，但真的，我最喜欢最初的那一朵，带刺儿的那一朵。我能不能回去继续浇灌那朵玫瑰⋯⋯
小王子,陈毓秀,2013-08-10,10.0,谁能告诉俺，小王子这种书有什么好看的？
小王子,彼方有荣光,2011-05-16,50.0,长这么大，读过次数最多的书就是《小王子》，我是那么的爱这本书，可是我都没有一本属于我的小王子，每次想读了就去图书馆借他，读过很多版本的小王子，但是每次读他，小王子在我心中都不一样。我在我的612星球等我的小王子回家，但有时候我也不确定我是玫瑰还是狐狸或是那条毒蛇，可能我也是小王子。
小王子,萌塔 C-137,2010-04-29,50.0,是你浪费在我身上的时间 使我变得 如此珍贵
小王子,波蘭修女,2013-04-07,,"其實我覺得小王子自私不負責, 沒有看懂玫瑰, 而且被動地把小狐狸傷害了, 小王子看懂很多人和事, 卻到最後才明白愛情的本質。"
小王子,孬爷爷,2015-10-16,40.0,你要非常有耐心，”狐狸说，“首先，你要在离我有点远的地方坐下，就像这样，坐在草地上。我会偷偷地看你，你不要说话。语言是误解的根源。但你每天都要坐得离我更近一点
小王子,八月·水语,2009-09-04,50.0,明明知道会受伤，还是义无反顾，人和狐狸一样，理智有时候睡着了
小王子,[已注销],2012-05-04,20.0,无聊
小王子,is4dog,2015-10-18,20.0,哎，虽然说对作品一人一种解读，可是《小王子》它本身的基础里，是没有纯洁的。描述的是诈骗和算计。智商低的人解读不出这种算计；没见过世面，美见得少、爱见得少的，灵魂里没有天生的宏大的年轻小朋友，拿着李鬼叫李逵而已。这也能代表爱情，真正的爱情要笑死了！……直说它法式矫情和法式智商低，一定会被围殴。哎。可是真的好想拆穿---这皇帝没穿新衣。
小王子,Miaou,2012-10-09,50.0,不知道第几次重读。每过一段时间再读，都有新的收获。心变得很柔软，脑里的迷雾被驱散。更多的关注他人，关心这个世界，自私是多么无趣的事情啊。我想，写一本能温暖人心，帮助困难的人们的书，比世界上很多事情都有意义。
小王子,陳二,2012-01-06,30.0,没别人说的那么神
小王子,七十三,2011-01-07,30.0,我俗气不知道在讲什么。。。
小王子,已注销,2011-10-06,50.0,狐狸再好又有什么用，他还是爱玫瑰花
小王子,安东,2015-10-07,50.0,可如果你驯服了我，那就好比是太阳又重新照亮我的生活。我会知道有个脚步声和其他所有的都不同。其他的脚步声会让我赶快躲进地下。而你的则会像音乐一样呼唤我出洞。
小王子,The 星星,2010-02-12,30.0,终于读了这本被捧上天的书，事实证明，以前没读就对了
小王子,桃鸢有只小绵羊,2009-11-07,40.0,记得世上会有干净纯粹的小王子，记得世上亦有温驯而微薄的狐狸。
小王子,thea,2011-07-27,50.0,记得当年傅子一语，对文学稍有感觉的人，都会感动的一本书。
小王子,楊不歡,2008-11-12,40.0,好东西，但不喜欢有些人把小王子抬得那么高，全是装逼
小王子,我不是盆栽啊,2008-07-12,50.0,我小的时候，没有看懂。现在想起来，竟然觉得这个故事冷。看了几遍都没有太看懂。直到有一天突然发现那种孤独。那种有很多星球可是只有你一个居民的孤独。精心呵护的玫瑰，路遇的小狐狸。所以才要和飞行员对话吧，因为太寂寞了。可是我们每个人，都是拥有一个星球的小王子。我学不会爱，学不会接受爱。
小王子,Moss大妖,2009-10-07,40.0,这个评分给我好大的压力……
小王子,周冲,2012-02-13,50.0,如此忧伤的成人童话
小王子,璞石,2016-04-25,50.0,我说小王子死掉了，小表妹说他回到自己的星球了
小王子,喵喵最丑,2018-03-19,20.0,不好看
小王子,[已注销],2016-05-22,50.0,无法理解书中的爱情观和友情观。是我长大了。但我庆幸于这样的成长，书中这样幼稚直白的爱情追求让我恐惧。狐狸付出一心柔情仍敌不过他心里那朵骄纵刺人的玫瑰花。他疲于容忍那朵花儿的无理取闹却还满心牵挂，哪怕她从未理解他的孤独。他的确想摆脱孤独，漫长的找寻之路，却最终只能面对孤独，依存孤独。
小王子,春风不解意,2018-03-19,50.0,——如果你爱上了某个星球的一朵花。那么，只要在夜晚仰望星空，就会觉得漫天的繁星就像一朵朵盛开的花。
,,,,
小王子,新西兰孙小社,2011-11-16,50.0,这是一本读给孩子听，但是触动的是大人的童话，是一本值得一生珍藏，甚至带着它躲避末日浩劫的作品。你能用怎样的话去评价它呢？怎样的话都显得多余，只能自己亲自读过后才能明白。推荐给所有觉得成长是种疲惫的人，让小王子告诉你，一朵长在你心里的玫瑰，胜过千万朵花圃里的那经济作物。
小王子,苏豆芽,2010-06-01,50.0,反复反复反复看的枕边书
小王子,(*^ω^*),2018-03-19,50.0,以孩子的视角来观察想象成人的世界，用孩子的口吻来控拆社会的光怪陆离。
小王子,不玩惹,2011-12-02,50.0,要是你喜欢一朵花儿，而她在一颗星星上。那你夜里看着天空。就会觉得很美。所有的星星都像~开满了花儿~……而这些~大人是不懂的-____-
小王子,Nee,2009-09-29,50.0,这就象花一样。如果你爱上了一朵生长在一颗星星上的花，那么夜间，你看着天空就感到甜蜜愉快，所有的星星上都好象开着花。玫瑰花。酒鬼。行星与落日。
小王子,死鬼,2018-03-19,40.0,"一个人的成长 抛却的是他自己的纯与真 一个时代的成长 丰裕的是物质 消逝的是精神
一本适合每个年龄段的书 推荐这个版本 翻译得更加好一点"
小王子,迪仔I编号223,2011-03-17,50.0,是你浪费在我身上的时间 使我变得如此珍贵。
小王子,沉歌,2007-10-18,50.0,请给我画一只绵羊。
小王子,婷婷爱八卦,2018-03-10,40.0,虽然是儿童读物但成人看起来也很有趣
小王子,睡觉是头等大事,2015-09-11,50.0,今之浮躁和功利如我，内心早已难回宁静和纯真。有时候夜阅此书，暗自垂泪，暗自怀念，然后依旧空虚寂寞。9
小王子,[已注销],2014-02-16,50.0,初读是高中，彼时朦朦胧胧，并无太多触动。长大了再读，却数次掩卷叹息。有些事，不经历就不会懂。譬如玫瑰傲娇的刺，麦子的颜色，星星上的笑声。小时候单纯地喜欢玫瑰因为觉得得到男主爱的就是女主，长大了却每次看到狐狸都会热泪盈眶。“由于麦子颜色的缘故，我还是得到了好处。”以前不明白，但现在懂了。我很开心，真的。
小王子,廢柴🐰,2011-05-22,50.0,全豆瓣读书频道“读过”最多的。
小王子,一起吃地瓜,2018-03-19,50.0,小时候妈妈买给我的，书里插画很漂亮，内容潦草的看了。后来再看才真正看懂，我长大了。
小王子,小十三,2018-03-19,40.0,成人童话吧，小王子驯养了小狐狸，最终还是为了玫瑰离开了小狐狸，童话里的儿童完全是无敌的，纯真直接、单纯质朴，老生常谈，永远年轻，永远热泪盈眶
小王子,服部平次,2018-03-21,50.0,读过很多遍，人生浅薄，不太敢评论。这几天又看了一遍，感谢这个故事带给我的幸福和孤独。其实还是希望自己不要读懂这本书最好。
小王子,水湄物语,2006-02-25,50.0,永远的偶像
小王子,竹竿何Yoyo~,2012-12-20,50.0,"接触到教育这专业后，开始看各国著名教育家的著作，看的第一本圣埃克苏佩里的书是《风、沙与星辰》，因为那时候很喜欢礼利奥.巴斯卡利亚，看了他的《love  living learning》,里面就提到了《风、沙与星辰》，所以就去看了。接着接触到绘本，原来这么著名的绘本素材是圣埃克苏佩里的啊，各种惊呆。跟《窗边的小豆豆》一样，经久不衰唉。"
小王子,🔥有饭🔥,2010-01-23,50.0,在大家都为狐狸与玫瑰醉心时，我却单单迷上了孤独看日落的小王子。
小王子,汐丶曦,2017-02-21,40.0,“由于麦子颜色的缘故，我还是得到了好处。”
小王子,星尘战场,2007-11-23,50.0,纯美。简单的竟然读不大懂。
小王子,末摘花,2018-04-15,40.0,朋友推荐给我看的
小王子,小墨MO,2008-03-01,30.0,……我觉得很一般的故事……为什么这么多人喜欢……没明白。
小王子,毛毛酱,2011-02-08,30.0,我还没到那境界
小王子,就叫我麦兜吧,2008-09-11,30.0,没有传说中的厉害
小王子,啵酱,2018-03-23,40.0,中英法三个版本各看了一遍，从来最喜欢原版的我却神奇地偏好这版中译本。小王子的故事简单美好又让人心疼。这是世界上每一个孤独的人内心的折射
小王子,东篱,2018-03-21,50.0,作者用童真童趣的语言传达出深刻的人生哲理，孩童的角度新奇而引人深思。
小王子,胡子,2012-05-09,50.0,白天因为下雨什么都没做，心里觉得慌张，上班前看了一部分，公车上又看一部分，上课又偷偷看了一部分，被这个温暖的小故事打动得不行。
小王子,j u n,2007-07-16,50.0,我爱极了小狐狸
小王子,Wunching,2016-05-15,50.0,我们常称赞一个人很纯真，到底什么是纯真呢？大人的世界很奇怪，他们对眼前的美好视而不见转而去追逐虚无的东西。
小王子,小秘密,2017-05-23,30.0,"看完书后时常想:小王子会不会在他的小行星里和他的玫瑰幸福的生活在一起,偶尔是否会想念那个被他驯服的狐狸?"
小王子,豆辛瓜辛,2018-02-23,30.0,我想我要重读几遍小王子，是太年轻了还是长大了。
小王子,三七莲华,2008-06-24,40.0,其实被用滥了
小王子,孟冬,2015-09-04,40.0,人长大了，就越来越浮皮潦草了，看不见花开花谢，日升日落，四时更替，也听不见风过树梢，叶子的簌簌声...当我们的眼睛耳朵被五光十色的喧嚣遮住了堵塞了。就再也体会不了“如果你爱上了一朵生长在一颗星星上的花，那么夜间，你看着天空就感到甜蜜愉快，所有的星星上都好象开着花。” 这样简单又甜蜜的快乐了。
小王子,镜泉,2011-01-21,50.0,“帮我画一只戴口罩的绵羊吧，这样它就不会吃掉我的花儿了。”
小王子,jfgjjj,2018-03-23,40.0,内容丰富，适合小朋友
小王子,十二,2018-02-23,40.0,抱着巨大的期待看了这本薄薄的书，四星足矣，内容略显单薄。第一次知道B612是颗星星Σ(ﾟ∀ﾟﾉ)ﾉ
小王子,KinG羽,2010-04-30,50.0,只有用心灵才能看得清事物本质，真正重要的东西是肉眼无法看见的。 如果你爱上了某个星球的一朵花。那么，只要在夜晚仰望星空，就会觉得漫天的繁星就像一朵朵盛开的花。
小王子,诸葛若见,2012-05-18,50.0,玫瑰玫瑰你在哪里？
小王子,linn,2011-06-22,50.0,由于麦子颜色的缘故 我还是得到了好处。。。爱得有尊严！
小王子,吃🍉的小丸子,2017-05-23,50.0,漫山遍野的玫瑰花，可是小王子只爱那一朵。
小王子,兰凯茵,2008-03-07,50.0,２３岁才终于读懂了．
小王子,W之芮,2018-03-23,40.0,少时看不懂，当你懂时说明你已经长大了
小王子,思泉,2011-04-30,50.0,什么样的语言都表达不出，你的故事带给我的幸福和孤独。
小王子,相逢何必不认识,2018-03-20,40.0,没看之前我以为这类童话都是大团圆，看完发现，这种孤独真的让人上瘾。
小王子,脑菇,2011-04-29,,小时候每周看那么多书  可是因为是《小王子》不是《小公主》而没去翻过它
小王子,厷糸,2018-03-23,50.0,肉眼看不见事务的本质，只有用心灵才能洞察一切。我们又何尝不是这样呢。
小王子,四十四次日落,2012-12-24,50.0,平安夜，时隔八年之后，我把《小王子》认真重读了一遍。有些书真的是历久弥新，越是长大了读越有味。看到那句“只有你一个人，看见的是会笑的星星”，哭惨了-_-#
小王子,Sophie  Z,2007-12-10,,"我的玫瑰花,她们还好吧"
小王子,shu,2007-12-11,50.0,我曾经是个孩子
小王子,一位大哥,2008-09-30,,这个版本好像买了十几本，送人。
小王子,璀璨,2015-10-18,50.0,这是我无法在童年时代看懂的童话，却在成年后一再想起。
小王子,tianYu,2015-08-18,40.0,每个人是不是都是自大狂？守着狭小的星球自以为国王，殊不知在外人看来不过为豆丁大小的事日夜忙碌而不自知。小王子是幸福的，因为他忠于内心；狐狸是幸福的，因为他爱着；可是即使被爱，玫瑰是幸福的吗？我不知道，我只知道，我宁愿散落在宇宙的漩涡中连风雪夜归人都做不了，也不要过哪怕一天玻璃花罩中的日子。我还会离开，也还会归来，世界另一端还有个男孩子，和他弯弯带笑的眼睛，请再等等我，我想告诉他我爱他，想和他携手同行。
小王子,掉线,2015-11-03,40.0,不该先看电影。
小王子,桃兜兜,2011-10-20,40.0,当时看的时候没什么感觉  后来在经历一些人事后 脑里突然走过书中的句子 很多东西 就那样释怀了
小王子,[已注销],2008-03-03,,...
小王子,辄馨,2015-03-02,,我以前一直以为小王子是王尔德写的。。。我勒个去
小王子,梅山君,2018-01-25,50.0,"我最喜欢小王子的这段话：In one of the stars I shall be living. In one of them I shall be laughing. And so it will be as if all the stars were laughing, when you look at the sky at night… You – only you – will have stars that can laugh… 
我就在繁星中的一颗上生活。我会站在其中的一颗星星上微笑。当你在夜间仰望天际时，就仿佛每一颗星星都在笑……你——只有你——才能拥有会笑的星星…"
白夜行,柏邦妮,2010-12-18,50.0,昨晚两点开始看《白夜行》一直看到天亮看完。展现出东野圭吾对复杂叙事的掌控能力，精彩绝伦。但是我最欣赏的还是他对恶的动机，那种孜孜不倦的探求，一直向灵魂黑洞最深处走去。他书写的恶往往不是凡俗的恶，而是一种提纯的，高智商的，有分寸的，肃穆的恶。那种恶最终会让人动容，和纯粹的善一样。
白夜行,眠去,2009-08-27,50.0,他们再也没有长大，她从不以真面目示人，他则是那个至今仍在黑暗的通风管中徘徊的小男孩
白夜行,叶纸君,2013-05-09,50.0,不适合当睡前读物是真的。。。
白夜行,年 年,2014-01-30,50.0,很庆幸读的东野的第一本这么对味。看到10％已经给你摊出凶手，可接下来你只会更焦躁地追寻其动机。圣诞老人梗（圣诞老人是爬烟囱给孩童送幸福的吧，对应亮司小时候爬通风管道梗）最戳心戳肺。
白夜行,小海,2012-03-29,50.0,一次惊雷般让人震颤的结尾……我难以形容我现在的心情，因为我是在KINDLE上看完的，而KINLE上的排版出了问题，356页即结束的书却显示共有389页，于是当我看到356页“全文完”时的那种心情……这是真正的猝不及防。
白夜行,Zeoh.,2012-01-17,40.0,大家顶着爱这个词，其实干尽了人间丑事。
白夜行,Urban_Solitude,2014-09-26,40.0,终于补完，东野的书读的并不多，对比白夜行和嫌疑犯X，感觉他是那种，前面看起来都在写推理，可又不是特别难的那种，处处给你放线索。到了结尾才发现，他根本不是在写案件，他写的是人，是人心底的东西。
白夜行,葵花卷,2013-02-15,50.0,对书评里洗白雪穗的人理解不能，她从未想过追求幸福，十九年来重复着夺取，灵魂终于在亮司坠楼那刻燃烧殆尽，亮司说想要在白夜里行路，作为雪穗的影子一直在赎罪，然而不论幼年如何崎岖畸形，他们仍旧用受害人的鲜血将罪恶的果实繁育到瓜熟蒂落。
白夜行,瑾朵朵,2011-03-02,50.0,把杀人当手段，强奸当武器，在黑夜里前行，她一次都没有回头
白夜行,hiro,2012-12-16,20.0,狗血啊！满篇都是狗血！  就是言情剧和宫廷戏里面那种阴谋诡计被包装成侦探小说了    看了没多久就知道桐原亮司和西本雪穗是幕后黑手大Boss了，但是偏偏又墨迹了几百页才算完，大部分篇幅毫无悬念感啊，尽是一些阴损的计谋啊，和言情剧不同的是，这里面死了很多人而已。
白夜行,小岩井,2014-06-19,50.0,一声叹息。人生之棋，一步走错，满盘阴影。
白夜行,郭大虾,2011-05-15,50.0,看白夜行，就感觉在一边层层剥开洋葱，接近本质，一边被其辣得睁不开眼。最后才发现，这个洋葱没有心，或者说，比没有心更可怕！整个人不寒而栗！
白夜行,希哈。,2011-07-24,50.0,一开始我想，透漏了这么多细节岂不是毫无悬念了。接着，没出来一个新名字我就怕他们俩又怎样伤害他们，无力和悲伤一直伴随到结束。桐原才是真正行走在白夜里最可怜的人吧。ps 我在自己为雪穗设想一个结局。因为如果她不被揭穿，我就会被气死。
白夜行,江凌云,2014-02-11,50.0,果然厉害 这么大一个人物网络 跨越这么长的时间 前前后后基本上能做到自圆其说 了不起
白夜行,鬼 鬼 ™,2013-07-25,50.0,真心的说一句牛逼！恨不得一口气看完！最后的结局心里只存在一句话，最毒妇人心啊！亮司和雪惠似乎并不相爱，只是相互依存的关系，或者说是相互利用。只是觉得东野圭吾很大胆，这样的情节设计在晚上阅读的时候总是觉得背后发凉，一次次的谋杀和强奸让人深刻觉得人性的阴暗，不仅觉得悲凉更多感觉的是可怕阴冷，气氛营造很好，从不同的人物去描写，最后再全部理顺拼凑在一起，不亏是成名作！瞬间变成粉丝了。。真棒！【我的天空没有太阳，总是黑夜，但并不暗，因为有东西代替了太阳。虽然没有太阳那么明亮，但对我来说已经足够。凭借这份光，我便能把黑夜当成白天。我从来就没有太阳，所以不怕失去。】
白夜行,大島,2013-10-17,50.0,完美的大结局总不会让我记很久，有遗憾的主人公总让我无法忘怀，哪怕在日常生活中想起他们的名字，我也会萌生出一种对老友的怀念，西本雪穗是一个，桐原亮司也是一个。
白夜行,流浪の小圆头,2013-10-16,50.0,东野圭吾的故事，动机比结果更可怕。
白夜行,南璎珞,2015-10-04,50.0,深深被雪穗的戾气给震撼了，她是一个恶到了底的人，即使童年受过伤害，但这也不能成为伤害别人的理由。婊砸初级阶段是《机械姬》，为了生存作恶；中级阶段是《gone girl》，为了复仇作恶；而终极阶段就是《白夜行》了，为了自己不惜一切代价滴作恶，雪穗这种人就是潘多拉，只会给所有人带来不幸。
白夜行,老蔡,2009-05-29,40.0,有你们说的那么好吗？推荐过度了
白夜行,yum,2011-06-12,30.0,共生关系，我的最爱...结果被这个工科写手又草草处理掉了。好多担心读者看不明白的自我解扣简直破坏我的分析乐趣。十几本读下来，他最大的特点就是好多本来就莫名其妙的线也不明所以的不提了，跟我褥子里的棉花一个意思。还有什么女主雪白胸脯压小女孩之类的情节，mb，工科男！
白夜行,黄青蕉,2012-12-30,40.0,这才是终极版的女人不狠地位不稳啊
白夜行,薇羅尼卡,2011-04-10,50.0,看到最后一章让人汗毛倒竖。没人能理解那是怎样的一种守护与爱，就如同没人能理解那是怎样的一种撕裂与伤害。东野巅峰作。
白夜行,岸辺☆扑克,2013-07-28,50.0,真正的命运共同体，不需要别人的同情更不需要原谅，在路上踽踽独行。没有人也没有事能涉足两人之间，如果不是爱，那也是最接近爱的感情。看到最后一句第一感觉是心凉但是仔细想想这样的反应对于影后来说才是反常的。对于各种真相，人都选择自己想相信的答案。读完一阵荒凉感，能思索的问题还不少..剪纸太忧伤 回不去也再也得不到的美好
白夜行,抬头见喜,2015-02-28,40.0,除了唐泽雪穗，把书里每一个女人写得好像都是脑残。
白夜行,7酱™,2012-02-17,50.0,最深沉的爱，并非理解包容默默等待，而是披荆斩棘，不离不弃，携手同行。
白夜行,饭团也是水果,2015-11-20,40.0,世上有两样东西不可直视 一是太阳 二是人心
白夜行,神威,2012-05-07,30.0,这本书成为畅销君的成名作是对畅销君能力的抹黑和对推理界颓势的最好描绘，此书连畅销君前十作品都进不去，推理幌子下的社会小说是畅销君区别于其他推理者最鲜明的特点也是畅销君最擅长的领域，让我恻然心酸的信和秘密姑且不提，这本书连红手指，使命与心的极限之流都比不上，全部的作用就是让我有材料吐槽我的萝莉控朋友，你看，你看，好萝莉的都该被捅死吧，还是控巨乳吧，少年
白夜行,绿毛水怪,2010-02-15,20.0,原来本质是日系爱情残酷小说。没有推理的乐趣，只有作者的一厢情愿，所谓凄美建立在人性扭曲和极度自私之上，盛名之下难以苟同。唐泽雪穗处于假面化的边缘。两星给那位老警察，代表着仅存的良心和温情。
白夜行,孙智正,2012-02-08,30.0,本格弱了，巧合多了，反倒更像一部长篇偶像剧剧本了噢
白夜行,拜嘛,2016-05-30,50.0,心碎 连一次男女主相处的直接描述都不给
白夜行,ANNXXNA,2010-11-16,50.0,日系作家往往具有细腻的人生体悟，在字里行间缓缓流露出感伤悲悯的情调。不论《白夜行》还是《嫌疑人X的献身》，都充满了东野内心深处喷薄欲出的表达欲望，因而更不可能用圆满结局去冲淡整部作品的现实力量。人性中的确存在某种成份，是可以让人做到如此地步而依然义无反顾的。它会带来不容于世的罪行，或达致个人的悲剧，却仍可具有荣光与尊严。 最后想说，觉得雪穗真的是个可怕的女人。
白夜行,meiya,2015-05-03,50.0,最近重新好好读了此书，五星推荐给喜欢推理小说的朋友。不仅仅是人物心理和故事情节写得好，还将日本在信息时代到来时的那种风云变幻的历史感生动地呈现出现了。
白夜行,飞行官,2012-10-08,40.0,看完日本小说都一个感觉：做人太累了。东野圭吾就有点累了，最不能看太宰治，看一句共鸣一句，怕有朝一日真给自己看死了。谁有轻松且不轻浮的小说介绍介绍，不限日本。
白夜行,方洛洛,2010-04-29,30.0,虽然这样说显得又傲慢又讨厌，但每当听到某人说好喜欢东野圭吾啊，他的书都看了，最喜欢的是《白夜行》的时候，我就不会相信此人的文学品味了，也不愿相信此人推荐的任何书单。如果对方说，最喜欢的是《嫌疑犯X的献身》和《恶意》，我倒很愿意聊聊。
白夜行,夏虫不语冰,2011-02-04,30.0,这次是硬着头皮全烂看完了，不知道这个作家为什么这么多人喜欢。
白夜行,Louise,2015-10-17,,雪穗的角色我算是又恨又爱，唯独没有悲悯，她虽从小被母亲卖给变态大叔，但她用自己的聪慧和狡诈活得风生水起，对于犯罪部分，与其说是她心态扭曲不如说是本性所使，其实她说她活在没有太阳的底下，却有亮光代替了太阳，我不认为这个亮光是代替她杀人犯案的桐原，而是她自己，那种哪怕抢夺，会让人遭遇不幸也要努力生存下去的态度，比起其他女性她遭遇最惨，但是她也是最有独立精神的人，相比其他为了爱情盲目受害的女性，她却毫不在意。所以她有一种跟其他女性截然不同的光环，虽不折手段，但让人不觉突兀。
白夜行,柏拉不图,2013-11-12,20.0,白夜不行，又臭又长。（这么多五星评价，难道没有和我同感打两星的？）
白夜行,撒旦的表妹,2014-06-18,50.0,这是我看过的最残酷的小说，也是东野圭吾的作品里最爱的一部~ and豆瓣书评讨论真不用浪费时间看，自以为是的SB太多
白夜行,薇薇Veronica,2013-10-04,50.0,最绝望的…我想那不是爱吧
白夜行,Odair,2015-06-17,50.0,果然是推理界的无冕之王。东野圭吾在前面从未明写男女主角的联系，但精心埋伏的草蛇灰线却一点点揭示出最后的真相。他们不仅是爱人，也是同谋，在每一个角落，都潜藏着足以吞噬一切的黑暗。他们的爱情不是俗套的对抗黑暗的武器，而是罪恶的帮凶。这样的土壤中生长出的黑色的恶之花，在没有阳光的地方，极尽绚烂。“只希望手牵手在太阳下散步”，两个见不得光的人，永世不得救赎。
白夜行,丁丁虫,2012-09-13,50.0,雪穗是多好的姑娘啊你们为什么要黑她！
白夜行,[已注销],2010-12-29,40.0,东野圭吾用四百多页书塑造一个极品好男人，为了自己的女人佛挡杀佛无恶不作，然后用区区三页让他不得好死，然后东野就成了“天王级作家”。。。
白夜行,我爱阳光•月心,2014-07-20,30.0,文笔很一般，不知是作者功底问题还是翻译的原因；场景刻意铺陈得很大，实际上虚张声势，情节设置全是老套路，想要通过给男女主角设置底层背景和童年遭遇来展现人性之深刻，结果仅仅变成了噱头。对比这个评分，真令人失望，都是些什么人打的分？东野君，再见。
白夜行,我不是盆栽啊,2010-12-14,40.0,被我妈全部剧透。完全丧失了阅读的乐趣。
白夜行,是你的夏奈呀,2011-10-22,50.0,当爱消失的时候，故事也就结束了。
白夜行,顺其自燃,2012-07-20,30.0,"真的有那么好么？完全是被作者牵着鼻子走啊，太理性的人还是不要看了
再次证实推理小说里没有好的爱情故事……主要是我看得太少了啊"
白夜行,velvetgrin,2015-03-30,50.0,感情描写并不多，却是一切事情发生的动机。雪穗对不同的人表现出丰富的情感，内心却不能更冷漠，而亮呢，却是完全相反的一个角色。“只希望能手牵手在太阳下散步”大概只是亮一个人的想法吧，为她做的所有事情除了弥补和赎罪，更是想助她摆脱过去命运的一种强大的爱。而她呢，始终只会让人心寒。
白夜行,扭腰客,2009-03-19,50.0,我从来就没有太阳，所以不怕失去。。。
白夜行,liubinyan,2014-02-13,40.0,父债子还
白夜行,陆钓雪杜诗镜铨,2013-10-24,40.0,想来想去，还是给四分比较合适罢。封面的男孩子牵着女孩子，应该能想到些枪虾和虾虎鱼，虽然他们是无辜的吧。东野未免有些通俗化，把一切事件搞的过分明了，像验孕棒之类的很多例子，如果点到为止的话，那就可以拿五分了。文字也比较俗气，通俗文学呐，智商低点的孩子读读正好。仔细想想，雪穗始终没有怀孕应该就是小时候的原因吧。而亮背后的人，就是雪穗而已？这些是惟一没说出来的，算是些甜头。亮很爱雪穗，心里默默地哀念，其实里面谈到离婚丈夫对前妻的爱，就已经从侧面反映出来此书的男女爱情观了。而雪穗呢，根本没爱过任何人，亮也好，高宫也罢，一成也是，她只不过是个俗气的异化物质美女罢了。可是她从小受过的伤让她十倍的报复社会变得那么合情合理。真的是白夜行，只不过这里没有所谓的赎罪的爱情，只有复仇与感情的漠然，亮有灵魂，雪穗呢
白夜行,科林斯之王,2016-03-03,30.0,"日本的小说的人物总有动漫人物的感觉，因为某一件事情可以深刻影响人生（告白式的人物）。
剧情感觉整个比较牵强，动机根本不足，读完了之后感觉不过如此，评分这么高也是醉了。"
白夜行,從來不是你。,2010-03-12,,算不上推理小說.
白夜行,LOOK,2014-08-13,40.0,4.5   最成功的是视点的选择，完全走到了《罪与罚》式内心天人交战全盘导出的反面，两位主角的内心几乎不作主动描绘，皆由他人揣测与勾画，那无限的黑暗与邪恶，极端人性还是极端非人性的思索全部交由读者自行想象完成。非常喜欢东野极端节制、没有一句废话的语言风格。
白夜行,魏知超,2012-07-01,30.0,我是重口味，但口味重的那种作品虽然是很扭曲但它又能引起读者共鸣，因为扭曲本身恰恰又能根植于人性，但这本书里的女主角扭曲得十分荒唐，没法跟她共鸣
白夜行,Zen功正,2014-03-07,40.0,"对于我这种记忆力有问题，人名识别有困难的人而言，此书出现如此多的角色我却依然读的很顺畅，作者叙事能力确实强大。
虽然读的很爽，但读完也就读完了，没什么收获，和看A片感觉差不多。"
白夜行,其实叫朗基努斯,2009-10-26,40.0,狗血啊狗血！基本上没有太多推理情节和诡计，都是阴毛之类的，充斥着浓浓的怨念～说着什么在没有太阳的夜里走路这么诗意的话，其实就是想要自己过得好一点不惜伤害他人吧！卑鄙是卑鄙者的通行证，如果有副好皮囊或者好头脑就更不得了啦
白夜行,Aubrey,2015-01-16,30.0,费、脑、子！做了那么多见不得人的事情，还想要手牵手在太阳下散步，这无疑是妄想
白夜行,碧落亦然,2011-02-08,40.0,以一种低沉的叙事手法写的一部小说，翻译得文笔比较朴实，但是气氛营造得很好。故事是一段段阶梯式地进行的，如果剥洋葱一般一层又一层，连主角也是从整个气氛构架起后才渐渐浮现的。小说看得很顺畅，也没有一般推理小说的那种强烈的紧迫感，而是一种幽幽地如同灵魂一般的存在感贯穿整部小说。故事并没有给出什么方向性和指示性，更像是一种无声的提问，人内心如同黑洞深不见底，究竟它的极致在哪里。故事并没有一直强调“白夜行”之类的主题用词，只是由女主角一次浅浅地道来，更多的是后半段笹垣警官对他们用枪虾与虾虎鱼的比拟。黑夜与白天，仅仅是一瞬之间，相隔的却是本质的区别。人最害怕的也就是光亮的太阳不再升起……
白夜行,进宝,2013-04-25,,觉得白夜行才是东野圭吾的代表作。虽然嫌疑人X的推理非常屌，但是论震撼还是白夜行
白夜行,卢十四,2010-07-04,50.0,对什么救赎啊罪恶啊之类空洞大词无感。就是觉得东野圭吾笔法太好了。
白夜行,徐若风,2014-04-12,50.0,作为至今为止看过的第八部东野圭吾的作品，是个人最满意的一部。其绝望而离奇的故事因时间的间隔而显得愈发沧桑复杂。虽然有很多缺点，比如前半段节奏失控、人物情绪塑造够不上气氛营造、文风不行等。但作为一部推理小说，其悬疑的营造方式做到了近乎完美的地步。除了这两个苦大仇深的人物间无望的爱情是十分震撼人心的，通过他们所表达出来的爱的珍贵以及人性的绝望才真正耐人寻味。东野圭吾想通过《白》来反射日本社会的一些问题，他也顺利地通过这把冰刃做到了。
白夜行,谭香山,2013-09-04,20.0,高一看的了……对于一本推理小说，坏人坏的牵强，好人好的空洞，作案手法不新颖，气氛制造不给力，真心没法觉得好。可能我比较喜欢阿婆这样精巧漂亮的风格，对于这种“我被世界抛弃了然后我喀嚓喀嚓喀嚓嚓嚓崩坏了坏的毫无原则底线了”的类型……好像真心没感觉。
白夜行,内陆飞鱼,2013-03-02,50.0,简洁、冷静的叙事，节制而富于想象空间的情感，交叉平行，并行不悖，碎片拼图过程的全息视角，强大的具有时代代入感的信息量。文笔厉害。
白夜行,末摘花,2018-07-02,40.0,她一次都没有回头……
白夜行,老袁,2011-03-09,40.0,总觉得，差那么点意思。这个女主角太不可爱了，男的又显得太万能了。
白夜行,Dissipator。,2011-04-16,50.0,每個人都希望自己能有一個桐原亮司。
白夜行,Cold Black,2015-11-14,10.0,什么鬼！就是一对反社会狗男女一路碾压温良的普通人杀杀杀啊。。。。作者可能是想写悲凉情有可原的魅力反派吧但完全崩盘了
白夜行,琦殿,2010-03-26,50.0,第一遍居然给了个三星？改成五星。
白夜行,小晨,2011-03-01,50.0,从一开始看似的波澜不惊，到后来的急转直下，即便已经很容易猜到两个最重要人物的交汇，东野圭吾都有条不紊的按自己的节奏走。大概中间的部分不自觉的就对人物有了感情，对桐原与唐泽的排斥，在桐原那句“人生就是在白夜里行走”突然有了感触而改观，可后来很快又因为情节发展淡忘了。我以为唐泽的魔鬼形象已经不可动摇的时候，在离最后一页只薄薄几张的时候，最最初的真相还是让我张大了嘴。唐泽这幅模样的原因，比我能想像到的只深了一层，却指数级的增加了我对她的理解，解释了这种扭曲，即使我依然同样厌恶她而后的作为。结局丝毫没有那种期待的“大快人心”，却又是最合理的一种无奈。
白夜行,松针猪,2010-09-09,40.0,消遣性强的SM小说／故事的结构挺有趣，绕一个越来越大的同心圆再慢慢汇聚到塔尖／对于完美女性雪穗的描绘，实在有些传统加二维，泄露了典型的男性视角
白夜行,蜗牛的记事本,2015-08-26,10.0,什么乱七八糟啊，什么程度的患者喜欢这种书啊
白夜行,vereesa_yu,2009-12-04,50.0,虽然很多人不喜欢雪穗，但是不知道为什么自己会对她充满了好感...可能在我心底也是如此的阴暗..
白夜行,𝙰𝚣𝚎𝚛𝚒𝚕,2014-09-14,50.0,那個沒有太陽 不怕失去 憑著對於生的渴望與恨的執著 將黑夜過成白天的女孩 一直在以自己的方式 確立和證明著自己。槍蝦最終卻連與自己互利共生的蝦虎魚 那多年以來唯一的朋友也毅然決然地犧牲掉 真是膽寒。
白夜行,逍遥兽,2009-06-15,,我未被说服
白夜行,掉线,2014-02-20,50.0,她一次都没有回头。
白夜行,Comel,2014-04-29,30.0,作者的重点导向性让我早已发现两主人公之间的千丝万缕，因此小说唯一的疑团就是两人的关系，这也是小说唯一的悬念。故事挺好看，但里面的人都缺乏真实感，加上作者刻意留下的线索，他们都成为了提线木偶，这就太没劲了。
白夜行,杨迪,2012-10-28,50.0,让人毛骨悚然的俩人，明明已经知道大概却欲罢不能的看下去。
白夜行,木由,2014-02-10,50.0,“我不知道。雇用临时工都由店长全权负责。” 她一次都没有回头。        不是说好的悬疑推理吗！这没由来的心痛感是怎么来的！深夜哭成煞笔…救命！。・゜・(ノД`)・゜・。
白夜行,李荷西,2011-10-21,50.0,她一次都没有回头。----东野圭吾小说的最后一句话总是那么干净利落又直戳人心。
白夜行,动机在杭州,2012-02-04,40.0,他愿意为爱成为她的影子和寄生物。用他的整个人生来成就她。爱情故事背后，是彻头彻尾的，黑不见底的孤独。
白夜行,字润不知,2014-02-16,30.0,文学网首页水平。情节比很多优秀的俗烂小说还平淡。结尾也无特别。大叔应该是开始走下坡路了的感觉。
白夜行,轱辘,2013-04-08,50.0,我所见过关于人性最好的阐释
白夜行,Q。,2011-06-12,50.0,“我的天空里没有太阳，总是黑夜，但是并不暗，因为有东西代替了太阳。虽然没有太阳那么明亮，但对我来说已经足够。凭着这份光，我便能把黑夜当成白天。”虽时间跨度大，出现的人名、地点也让人有些头晕目眩，但依旧毫无破绽的串联，透过文字传达的意境也远比画面更深更有力量，始终让人不寒而栗。
白夜行,Phoebus,2012-07-08,50.0,"""人生也一样 有白天和黑夜 只是不会像真正的太阳那样 有定时的日出和日落""  不到一天的时间读完这本书 真让人绝望"
白夜行,小二,2012-08-09,40.0,读到一半的时候，确实需要看一段之后缓一缓神，太凉了。
白夜行,桔梗,2016-03-19,30.0,情节密集，故事很精彩；但恶其实并不需要通过杀人害命这种明晃晃的犯罪来表现，只需要冷酷无情就够了。也就是说，外在的行为并不是恶；恶在于其本质，它必然是内在的。所以《白夜行》只是写了一系列复杂的犯罪故事而已。
白夜行,Cassie,2010-06-05,30.0,矫揉造作的故事，只能表达矫揉造作的感情。这样的故事一编一大把。
白夜行,林介咪,2011-08-02,50.0,太太太太他妈震憾了！！！！！
白夜行,西门媚,2011-10-31,30.0,读某著名推理小说，发现通俗文学追求的是情节的合理性，严肃文学追求的是人性的合理性。
白夜行,听说,2013-06-22,30.0,一定是我打开方式有误。
白夜行,商夏,2012-11-14,50.0,其实我想说的是说《白夜行》震撼的人没有看过《罪与罚》真是可惜。
白夜行,清欢,2014-02-27,50.0,小说很棒，虽然男主女主的所作所为令我感到恶心。
白夜行,子一汐,2015-05-13,40.0,让人有想要一直读下去的欲望，直到最后有一点意犹未尽。
白夜行,Caneloni,2012-11-14,30.0,现在推理小说的审美都那么低龄化么。
白夜行,陆小包,2009-11-19,50.0,除了爱你还能爱谁
白夜行,任丘,2010-09-17,50.0,"东野圭吾的代表作，也是一部很难归类的推理小说，这里面有破案和推理，也有绝望的爱情和守候，还有对社会现实的披露。但不管怎样，东野圭吾成功的塑造了雪穗这个孤傲、冷血、为达目的不择手段的人物形象，看完此书，突然想起一句话，黑白颠倒，才是众生，否则，就是天国了。
2014.8.29第一遍只是看故事，此次重看，发觉东野的这部作品，确实是当之无愧的佳作。全书貌似写了很多无关紧要的人物，实则都是紧紧围绕主人公唐泽雪穗和桐原亮司展开，然而全部采用了第三者的视角，关于主人公的内心世界，几乎完全没有描绘，十九年的历程，写出的只是冰山一角，背后的细节，需要读者自行想象和拼凑。《白夜行》混淆了本格派和社会派的边界，相形之下，连《嫌疑人x的献身》都显得刻意，相信《白夜行》也是东野的妙手偶得吧，之后连他自己都很难超越"
白夜行,伊娃娃娃娃娃哇,2012-03-02,50.0,很棒！没有多余的废话。这是一种怎样的爱啊。。。
白夜行,沁云,2012-12-02,50.0,这是那种一旦打开就不得不一口气读完的小说。逻辑强大、推理缜密，故事主要靠对话来推动。在情节的漩涡中，有精心安排的细节，而且继承松本清张以来的案件与社会问题结合的传统。看这本书阅读的快乐是强烈的，唯一不足是很难让人相信十一岁的小孩能那么完美地逃脱犯罪嫌疑。不过日本有柯南，哈哈！
白夜行,团小纸,2010-05-08,40.0,我拒绝揣测他们之间的关系，但我觉得那不是爱情
白夜行,马达,2013-05-12,50.0,世上有两样东西不可直视 一是太阳 二是人心
围城,我不是盆栽啊,2011-02-11,50.0,男人的西服、礼帽、衬衫、皮鞋。女人的旗袍、高跟鞋、草帽、丝巾。统统被夺了去，他们赤裸裸的、所有真实与不堪全摊开来。男人的怯懦，女人的刻薄。血液流动，肌肉收缩，蓝的静脉，红的动脉，白色泛黄的骨骼。这是唯唯诺诺的、自大的、逃避着的、自欺欺人的中国人。有人的地方就有政治。男男女女，也不过一场博弈。可是我们谁也离不了谁。还是冯唐坏水最多：他说希望上天安排张爱玲和钱钟书凑一对，看谁刻薄死谁！
围城,第五象限,2010-11-03,40.0,我不禁想起了培根的论读书，读书不应该为了炫耀，装潢，而应该是为了丰富自身，提升自己的精神涵养吧。一个读书人骨子里的干净和纯粹，那种浑然天成的优雅气质，和无所谓的态度，却不是一个心怀杂念的人能够比得了的。知道比不了，就可以放弃比较的心，炫耀的心了。就可以把读书这件事，放得低些，再低些，低到功利心都无趣了，褪去了
围城,囧叔,2013-02-17,50.0,真后悔买了这本书！看完以后再也不敢说自己写过小说了
围城,一凹,2012-02-02,50.0,钱锺书先生的文字才能称之为幽默，阳春白雪的冷幽默除了韩寒在《三重门》中模仿一番现世倒是十分罕见的了。小说的带入感太强，就算断断续续也能让人读罢感觉自己就是个“不讨厌但是无用”之人。
围城,诸葛若见,2011-09-05,50.0,外面的人想进来，里面的人想出去。不仅仅是婚姻，世间万物都是如此，人就是如此矛盾的动物。
围城,小岩井,2012-01-09,,如今再看方鸿渐，仿佛被附体的感觉……
围城,叉烧包小队长,2012-08-30,50.0,读的时候快要笑死了。。。。如果出在现代绝对是腐女最爱orz
围城,王大根,2011-08-23,50.0,前半部很好，后半部太弱太聒噪。
围城,匿,2013-03-12,50.0,围城的含义或许是多重的，而婚姻只是被普遍接受的一种解读。
围城,春焼辰,2015-01-05,50.0,看着门里门外的人进进出出 自己却不小心就这样坐在门里看了一辈子
围城,神威,2013-06-12,50.0,修行88th，我相信不只是我一个人这样做，当人们认为你读书不少，当你确信一本没读过的书的质量，当你了解这本书的特点，知道一些评论以后，是没人会发现你没读过这本书的！~是的~我今天才读围城，读完之后很确信这是钱公游戏人间随意之作。后人随意拔高的行径有点过火，全书从头到尾那股随意劲挥之不去，这本用来讥嘲用来消遣的书中每个吐槽都比人物和情节重要，其实吐槽的质量也非绝顶，贱贱的贫贫的而已，钱公毫无疑问没投入多少精力和专注力，就是写着玩的，反倒是止庵说的精当“围城其实没大家炒的那么好，只是那个年代大家谁都没见过什么聪明人，突然见到一个，太过惊喜而已”
围城,泽帆,2013-08-11,50.0,有的作者卖弄他的道理，浅薄得很，却沾沾自喜，让读者替作者害臊；钱钟书先生呢，卖弄起来，却让人折服，觉得可爱，有时还不幸成了他笔下讽刺的对象，虽然处处刻薄，却透着人情味。人物个个鲜活生动，对话密不透风，唇枪舌剑。里面浓厚的人情世故，让人仿佛置身其中，感同身受。讲的道理倒是挺多，通过主角方鸿渐等人口中说出来，却不轻浮多余，句句都说得妙趣横生，切中要害，一点说教味都没。这没有一定的知识积累、人事阅历、幽默以及高度的敏感力、还有天资聪慧是作不出来的。钱钟书写了这本《围城》，故事情节次要，小说技巧次要，生动的人物，诙谐的对话，处世道理，做人经验，和高深的幽默技巧，才是主要。有的作家主张“切勿卖弄”，但我觉得，除非你达到钱钟书的高度，否则还是直白浅薄一点好。
围城,孙大侠,2013-03-08,30.0,弱弱的问一句，为什么方鸿新和赵辛楣最终没有在一起？钱老先生是被神坛供起来的么？各种摆弄文字技巧？各种基情，各种调戏良家，什么时候豆瓣的青年们给出了这么高的分，ohshit。推荐指数：3星。
围城,Cassie,2015-06-01,10.0,我真心讨厌这本书，讨厌这个作者。以前看的书不够不敢评论，现在看多了，看到自己喜欢的佩服的，再回过头来看围城，果然还是觉得很难看呢！
围城,夏一慕,2014-09-02,50.0,重温翻出来满纸的谐趣。突然想起《我们仨》里一张钱钟书年老后的照片，一双眼睛依然闪闪发亮，透着孩童般狡黠的神情。
围城,只有霸王,2014-01-26,20.0,自以为是的烂东西。钱钟书也就剩卖弄聪明了。
围城,一千,2016-03-29,50.0,初中的时候我就知道自己长大是个废柴了。我很坦然。
围城,retriever,2012-04-18,,基得很！
围城,唐书钰,2014-07-19,50.0,杨绛在附录里写方鸿渐取自两个人物，一个志大才疏，一个狂妄自大。当真是头重脚轻根底浅，嘴笨皮薄腹中空。小时候感觉不深，现在觉得这男人是万万不能轻易托付的
围城,小波福娃,2007-09-08,30.0,油滑且自以为聪明，虽然钱钟书可能是一流学者，但围城只能是本二流小说。
围城,失控芭乐,2010-10-11,50.0,有人说匠心太重，我倒喜欢这样的匠心。令人捧腹的句子不在少数，爱情与生活在调侃中被扒去鲜亮的外壳，讽刺到骨子里，真是又痛又要看下去。这书就是真理，赤裸裸啊。
围城,无声时代·歌姬,2013-12-14,50.0,人间指南~
围城,老袁,2011-03-09,50.0,初中看的，一点时代感都没有。太超前了，真牛逼
围城,阿懒,2010-07-23,30.0,冲着钱钟书的名字和这本书的名气去读的，读了大失所望，充满了文人的小聪明，非常的不喜欢。2005年读过。
围城,毛利,2006-11-21,50.0,钱老随便写的一部经典之作
围城,喜北肉豆蔻,2013-11-17,30.0,读了56%决定弃了⋯⋯看不下去。
围城,芦哲峰,2012-12-14,50.0,喜欢钱钟书，喜欢他与生俱来的幽默和看破红尘的睿智，喜欢他笔下妙语连珠的文字和一波三折的人生。
围城,我叫卢大胆,2013-02-12,50.0,钱钟书真是太牙尖了，《围城》整个故事都非常的生活，一切如水往下流，看似不费力气，但认真读，就能感受到其锱铢必较之功力吧。虽然文中好似是在故事中断轻描淡写提到了这个理论。但实则整个故事围绕着“围城现象”在展开。每一件事情都是个”围城“，方鸿渐回国，在上海，去内地，回上海，和谁结婚，在哪儿工作。面对各种选择，选择了一种，就会承担它所带来的烦恼苦痛，就会去歆羡放弃的选择的美好。应了”红玫瑰白玫瑰“的理论。
围城,杜边生,2007-11-17,,大学时期一定要推翻高中的记忆
围城,[已注销],2007-12-09,50.0,一个人如果有了看破一切的本领，自然就拥有了嘲讽其他的权利
围城,三四,2013-08-24,,高考那年这本并不在考纲范围内，可是却是认认真真看完的一部名著。所以我就是患有#被规定书目，阅读障碍症#
围城,伯爵在城堡,2012-04-21,40.0,现代版的《儒林外史》，人性中的“相对论”。
围城,金魚,2012-10-19,50.0,大雨那段。永生难忘。
围城,恪彥,2010-11-07,40.0,"文人的围城,一般人你进不来."
围城,猫司令,2017-06-15,40.0,男人的幽默跟女人的脸蛋一样，是为了比较同性和吸引异性而存在的。太外露了，显得轻浮，藏着掖着，又疑似拙劣。
围城,文泽尔,2007-09-19,30.0,啰嗦，文字不错
围城,送你一颗子弹,2015-08-16,50.0,2015.8.16。第三次读了，感觉以前真的是什么都不太懂，所以也看不太懂。第一次看好像是高一。果然看书所能感悟的精神层次是需要时间和年龄来沉淀的。我今时今日的这些“读懂”，并不能用早熟来参悟。以前嫌弃这本书写得冗长而且缓慢，家长里短着墨太多让我捉摸不透，勾心斗角写得平淡所以我无法理解，总归还是以前太年轻，什么都不懂，以为看过两本韩寒就能看懂韩寒所崇拜的作家。放暑假在家里安逸地享受生活，用懒惰的光阴来看这本书，看着看着竟然十分享受，又十分可悲。享受的是书里轻描淡写的惊涛骇浪和一眼而过的平淡生活，可悲的是我在书里看到自己，既是方鸿渐，又是孙柔嘉。人生遗憾太多，错过也太多，可是这些牵绕人生的细枝末节虽然沉重颓废却都无法累积，所以也不能改变每一个平凡而无用的“方鸿渐”。也不能改变每一个时刻的我。
围城,软蛋黄,2012-06-05,30.0,拖沓扯淡，看着嫌累。
围城,琴  酒,2008-05-15,30.0,刻意多了些。仍然是好的。
围城,几笔相思入了画,2018-02-25,50.0,人类是一种奇怪的生物，总是喜欢站在时间的长河旁左顾右盼，眷恋从前，怨怼现在，希冀以后。就像围城，里面的人想出来，外面的人想进去，矛盾而不知满足。
围城,ayi,2012-01-05,30.0,自恋，小聪明如苍蝇群舞
围城,陳３,2011-09-10,40.0,钱钟书是个贱贱的坏老头
围城,蒙面骑士,2015-06-24,20.0,果断2星，此书作为小说来说差极了
围城,太乙,2010-12-27,30.0,"唉，读这书的时候还没有18岁，很多人都说这本书幽默，可是我却并没有被他幽默到，我确信自己弄懂了作者想说的大致意思，却并没有被他逗乐，至少没有爽朗的笑过，感觉挺遗憾的。
当时真的不知道为什么这书有这么高的评价。
后来才发现是风格的问题，我喜欢的小说是那种有着恢宏的构架，环环相扣又高潮迭起的情节，严密的逻辑和对人性的洞察，最好有这若隐若现的历史感。
围城显然不是这类型的小说，即使文字再精细，比喻再拍案也吸引不到我。
开始的时候很多人都说韩寒的小说和钱钟书的很像，之后韩寒自己不喜欢，大家也没有再这样说下去，可是我真的觉得对韩寒的小说也有着这种感觉，稀松的剧情是我最不能接收的，比起他的小说，我更喜欢他的杂文。"
围城,林探惜,2015-06-16,50.0,嬉笑怒骂皆文章，真是让人忍俊不禁。看到序言里，钱老先生说《百合心》手稿散失，不曾再写，实在太遗憾。作为写字的人，何德何能生在了互联网时代，凭他什么乱七八糟的只言片语，竟然都能保存下来乃至广为传播。此番对望竟觉得有些愧对钱老先生……
围城,啵酱,2018-01-28,50.0,高中时从后桌那借来的读物，本以为是无聊消遣之物，却被钱钟书犀利幽默讽刺的文笔所惊艳，越看越感叹于他的才华。真真是一个怪才。将书还给后桌时，对她说这本书真好看，本想交流一二，后桌却讶异道:这本书啊，我没看，你要我可以送给你。感叹这世上多有如此之人，身怀宝物，却弃如敝履。
围城,黄雷蕾Linali,2015-12-13,30.0,每个人都刻薄自私机关算尽，实在太刻意，看得好累。
围城,猫伯爵,2011-08-29,40.0,纵然时代变迁，人心之争永恒不变啊……
围城,hushlight,2006-12-21,,我反感作者居高临下的写作态度
围城,苏豆芽,2010-06-01,40.0,读得太早了 高中 还是初中啊  现在要再看看
围城,看不见的城市,2012-11-07,40.0,钱老在前半部把书袋掉到如此程度。。伟大远谈不上，滑稽后的辛辣倒是一绝。格局小，闺气重，通篇的委婉挖苦气息怕也只有江南生得出。延至结尾绝望的味道掩盖一切，某种程度就是人生与人际沟通的某种真实写照。时代气息淡之程度让人讶异，增添了跨时空的魅力。
围城,☂jackchen,2012-06-07,50.0,有的人说《围城》可以让很多人看到自己的影子... 我觉得，读完回味比正在读时更有味道~~
围城,大萌,2015-09-22,50.0,十四五岁时读个热闹，现在正处于一脚门里一脚门外的时候，感觉挺有意思。
围城,动机在杭州,2012-02-04,50.0,初高中的时候，每次考试之前都读一遍，用来放松。才气这东西，当真是怎么掩盖都掩盖不住。
围城,ren,2011-05-02,50.0,昨晚读了第二次，原来读的时候只见作者的俏皮话和掉书袋，这次横生了许多感慨，大概是也与书中男女同到了适婚年纪的缘故吧。赵辛楣是个君子，鸿渐其实也不坏，希望自己将来不要变成孙小姐。
围城,AsuraHu,2011-06-07,50.0,睿智的小说。那个年代的很多作品是我不喜欢的，觉得难懂晦涩和教条。而《围城》则是很真的，那种真在“我”的忖度、“我”的自省、“我”的迷茫和“我”所以为觉悟的感慨中。于是我们也在忖度、自省、为迷茫找寻觉悟，为不理解的爱情婚姻找这样一个容身之所。安放之后，我们觉得放心，因为不只一个我。
围城,李濛Lemon,2018-01-08,50.0,妙语连珠，趣味横生，百读不厌。
围城,Mandolin,2007-12-02,40.0,你可能不喜欢他连篇的词藻。但我实在喜欢他和杨绛。
围城,筱堂,2012-08-28,50.0,好吧我承认，这是第三次读《围城》了。我真爱钱先生式的幽默，参透世事的幽默，略带刻薄的幽默。钱先生真是一拨就转的人，“人之为文恨才少，而机患其多也”。多年前有位朋友相告，很多女生都不大喜欢这本书，这是什么原因呢……呵呵呵。醉后不知天在水，满船清梦压星河。十二年八月廿八日三阅，筱堂记
围城,隆咚锵,2007-02-27,50.0,有些比喻很中国，西方作为东方的工具很合适
围城,米周,2011-07-24,50.0,深有体会……
围城,宋痴,2013-01-28,,无数次的读，都放弃了。直到硕士时期才终于读完。
围城,1968金鹏远,2008-05-05,40.0,骗子就怕是良心发现
围城,酸奶加芒果,2017-02-18,40.0,外面人想进去，里面的人想出来。
围城,陶者无缰,2011-10-31,50.0,现在我才知道原来美国和围城一样。
围城,汐丶曦,2017-07-31,50.0,“生活中处处是围城，城里的人想出来，城外的人想进去。”
围城,眠去,2007-02-10,50.0,不敢突兀了大师。
围城,北溟鱼,2007-01-16,,不错啊 至少我现在写不出来。。。
围城,の南瓜酱,2015-10-26,30.0,再读和高中时感觉又不同。职位不好找，恋爱不容易成就。是个好人，全无用处。爹妈戏谑是女版方鸿渐。
围城,维纳斯的芍药花,2013-05-08,,也是初三读的。那时觉得钱聪明有趣。现在只觉得用典太多反倒影响了小说本身的表达。
围城,bleakhand,2013-04-29,40.0,三十多岁的人跟个皮球一样，拍一下，弹八尺。
围城,SongSongSong,2010-06-22,50.0,我记得《围城》里有一段相似的阐述，“如果条件合适的话，人人都是小偷。”假设钱包里有30块钱，很多人不会去偷，如果有3万、30万、3亿……偷了有很大几率不会被捉到的话，那么很可能人人都会变成小偷，只不过每个人“去偷”的价格不一样罢了。
围城,幸福的妮妮,2018-03-01,40.0,经典，深刻，愈久弥香，好作品值得细细品味。围城是双面的，有的时候是牢笼，有的时候也会是避风港，一切只在于人心沉浮。
围城,王二,2011-07-31,50.0,婚姻是座围城，人生亦如此。可是我们可以用心经营，徜徉悠游其中。书是高一时读的，人文社的中学生必读书系列。钱钟书的才气和幽默如泉眼一般奔涌，让人迎接不暇，当然也显得油滑和刻薄。现在依旧能够记得当时在课堂上躲在厚厚的书墙后面看它时的情景。
围城,Urbino,2012-01-03,50.0,多年前读过的书了，还记得在课堂上放在桌子下面读它的情景，那时读书也快，两三天就读完了。钱到底是个学人，小说不过玩票罢了，指责他掉书袋其实没有任何意义，因为惟其如此才算是常态。时有闪光的地方，大体架构却又撑不起来，毕竟是兴之所至随便写写的小说，钱自己写着玩，读者也大可不必当真
围城,末摘花,2018-01-08,50.0,最深的印象就是婚姻是一座围城，城外的人想进去，城里的人想出来！电视剧同样经典
围城,时尚一姐小渡边,2014-07-27,50.0,这个绿色封面的是再版的。杨绛写的序好看极了，这里面有。
围城,xxxxxxx,2007-02-11,,媽媽說要讀 沒轍
围城,羡辙,2014-08-23,50.0,钱钟书的吐槽实在太犀利见血，以至于即使情节平淡也值五颗星，不由佩服此人太有（du）才（she）！
围城,Nani[已注销],2017-08-13,40.0,重读，现在不是那么喜欢了。当年初读时还是很刻薄的我，现在也许不那么喜欢这样的讽刺了。不过阅读体验还是不错。
围城,枯草[已注销],2007-06-26,30.0,巧言令色鲜矣仁。。
围城,小尾巴mori,2010-05-04,50.0,经典就是经典
围城,汪见殊,2011-01-27,50.0,前阵子看杨先生的我们仨，遂拿出又重读一遍。
围城,张荒,2015-10-06,50.0,美得不好评价，因此也读的特别慢。钱钟书好刻薄啊，真是得我们大江南的真传。
围城,熊類爆弾,2011-03-06,50.0,兒時發誓要成為錢鍾書這樣的人，長大後發誓要找到像錢鍾書這樣的人。
围城,烟花,2010-05-27,30.0,"故事还行，语言在当时算是富有开创性，深度只能算是还好......
大概我对不同种类的小说评分标准不一样，评现实题材纯文学作品总是最严格。"
围城,myduidui吼吼,2008-12-09,30.0,以小说的艺术形式而言，这真的不算佳作
围城,Vamei,2012-09-03,40.0,进去的人想出来，出来的人想进去。被婚姻疑惑。
围城,崇子,2007-12-13,50.0,我最喜欢的小说之一~
围城,希谷,2011-08-09,30.0,弃文了，确实不喜欢。。。本人没品位。。。等我N年后结婚再说吧~
围城,blueshadow,2015-02-23,50.0,失落之书
围城,庭甄Yolanda👑,2005-12-16,50.0,始终都会为其中的幽默和冷幽默捧腹。
围城,[已注销],2013-10-16,40.0,这种书。。。毕业之前看我觉得纯属浪费时间
围城,Paco,2018-03-15,40.0,写透中国式人情，写尽中国式幽默，写出中国人五千年性压抑的后果——是一回事，我猜。
围城,周冲,2012-02-13,40.0,蓝雪人送我的书
围城,青椒肥肠,2015-02-21,50.0,对留学生的吐槽真是绝了 随着长大每次看总有新笑点
围城,盛睿智,2014-09-28,,那时候苏小姐把自己的爱情看得太名贵了，不肯随便施与。现在呢，宛如做了好衣服，舍不得穿，锁在箱里，过一两年忽然发见这衣服的样子和花色都不时髦了，有些自怅自悔。
围城,大甜甜~~,2007-11-21,50.0,不可逾越的高峰。
围城,知秋,2008-06-10,,经典
围城,花花公子,2018-02-25,40.0,最经典语句:外面的人想进来，里面的人想出去。
三体,方方土君,2011-08-14,50.0,一直认为写作是件很耗费体力与脑力的事情，特别是从新构架一个新的世界，一个文明。这需要你有丰富的尝试与思考，过去，我们从来不缺少天马行空的想象力，但是少有一个如刘慈欣般有着历史、物理学与哲学思考的作者。所以从这个角度来讲，三体的出现对中国科幻界绝对是幸事。霍金之前曾经警告过我们，如果有外星人，他们对地球也是恶意的。那时我不懂，在读完这本书时我回想自己小时候拍打小虫子时的情景。或许，在更高级别的文明里，你我只不过是虫子。
三体,[已注销],2012-10-25,20.0,幼稚，各种。对人性、对社会的运作方式的理解处在小学生水准，对女人的想象处在童男子水准。另外就是文笔之差，叙事毫无技巧，语言之粗糙，之鄙俗，让人不忍卒读。上不了台面的东西，给两星，因为我品性中宽厚的那一面在发作，另外略略懂科幻迷的感情
三体,李娇娥,2014-09-11,50.0,有点屌，也有点“作者语文是物理老师教的”的感觉
三体,蓝调共和,2011-02-05,20.0,流水账似的科幻小说。作者的文字能力、人物塑造能力和想象力都很有限，思考也不深入，就是框架很宏大而已。
三体,大萌,2014-11-28,30.0,一流故事，三流文笔，慕名而读，感觉上当受骗了……
三体,Peter Cat,2014-08-05,40.0,大刘不是文笔平庸，是根本没有文笔和人物。三体之所以仍旧很好看，的确仰赖其在物理、历史、数学、哲学方面极其渊博的知识，和将这些知识串联起来的想象力。不过还是会觉得遗憾，没有心理建构小说，那种震撼永远是表层的。
三体,大瘦瘦,2015-08-23,10.0,感觉今天是泼冷水之日啊，突然意识到自己曾看过这书，感觉就是个故事会+网文的综合体，他能获得雨果奖，我觉得翻译的文学造诣应该不低
三体,亚比煞,2011-12-27,40.0,最牛逼的科幻是能把最疯狂的想象写的像新闻报道一样真实。
三体,少年 遊,2015-04-08,20.0,文科生表示，已尽力，但真的很不好看！！逻辑松散、文笔差、人物个性几乎从头到尾都没有建立，大段大段的跟故事推进并无多大关系的所谓“科幻”描述并不会让你显得有多高明好吗？不敢想象这么差的东西怎么改编电影，编剧要非作者本人，估计得吐十斤血才能改的看起来不那么晦涩且幼稚吧？不是堆砌一堆似是而非的理论，摆几个面壁人、破壁人、乱世纪这样的辞藻就能算是“中国当代最出色的科幻小说”了，亲！吐槽好累。。。。
三体,姨妈的鸭,2014-12-01,30.0,我看之前接收到了很多关于【神作】【中国第一科幻作品】之类的信息，所以可能让我怀抱的希望太大。这个作品的部分主干的逻辑我是很同意的，但是抛弃掉这些主干逻辑和科幻的外表以后，主要人物和描写手法，都有点像【一点点】非常大流的玄幻文。ps男性科幻作者假如能放弃描写女性，放弃描写科幻爱情的话，那才是中国科幻的春天。
三体,李荷西,2012-05-10,50.0,我觉得我这个人啊，太文科了，读不出快感来，只读到恐惧感来。但作者和他的情怀，超过五星。
三体,小海,2014-02-10,50.0,“刘慈欣对于中国科幻，就如同姚明对于中国篮球”“刘慈欣凭借一己之力将中国科幻提高到了世界级水平”。读完才知，名不虚传。
三体,于夕,2014-11-17,30.0,人物刻画实在太刻板，结构也差，感觉就是刘慈欣的语言表达能力根本无法承载他的想法。也就有些情节尚算可圈可点吧
三体,S.A.M,2014-08-18,10.0,不是一般的啰嗦。
三体,赫尔西,2014-12-21,40.0,毕竟还在用“就像小鸟眷恋着天空”这样的比喻，算了，都是文科生的矫情。
三体,张熊熊,2014-10-07,30.0,论文笔的重要性。。。如何讲砸一个好故事。。。
三体,1030,2013-04-08,40.0,星空如此浩瀚，人们却只能为蜗居浪费一生。活该被鄙视：你们是虫子。
三体,自求多福totoro,2011-08-07,20.0,终于正式全部看完了，终于可以正式表示不好看。。。
三体,小波福娃,2013-03-21,,不爱跟风所以拖到现在才读过传说中的三体，作为小说它的技巧叙述手法和人物塑造简直惨不忍睹（多年前第一次读刘慈欣到现在他的文学修养怎么一点长进都没有），但是故事的内核很饱满丰富，干货多，粗糙但不乏深刻，坚强一点的话可以无视文笔技巧挺过去读完。3.5星吧。
三体,aaron,2013-12-30,20.0,对于这部几乎被誉为“当代中国最高科幻水准”的科幻大作，我却很难从中得到任何阅读的快感，反而是为了一探究竟（到底它牛逼在哪里）的心态支持我看完。虽然已经在看第二部，但目前还没发现有什么惊喜出现，且由于大量的物理名词出现，使得阅读感越来越差。
三体,是你的夏奈呀,2011-08-31,20.0,糟糕的人设和跳脱的情节硬是把一个绝佳的概念写得毫无趣味。
三体,黄青蕉,2014-02-13,40.0,大家好，我也入坑了
三体,佛法GEEK,2014-06-19,20.0,要说实话么？真的要说实话么？会不会被为数众多的三体粉撕成碎片？首先作为一个文科生对科幻方面没有吐槽资格这个自知之明我是有的。各类科普式的剧情展开很开眼界？特别是最后曝露三体文明真相那个地方，但是容我吐槽一句，好歹是个小说不是科普类书籍，一下子情节量都在那里爆发了感觉好2333啊。就像以前有人吐槽FFXIII一样——世界观是如此的宏大，你他妈在游戏里体现出来啊！世界观资料全放文字资料里你做个毛线游戏！←这种感觉。然后小说方面剧情衔接什么的各种硬伤。最最最让我想吐槽的是那“人类文明是如此无药可救→这种烂文明毁掉吧”这种说不清是圣母还是救世主还是中二病的思想，在小说中用来做人物的动机哈哈哈，真是看着各种神棍啊。后记里还提到道德！大大别这样！你写自然科学科普吧！不要染指人文！简直就是槽点批量生产机！
三体,王食欲,2014-11-13,20.0,在被多方小伙伴安利之下，我终于认真地阅读了《三体》（的前三个章节），然后不得不放弃这本书了。在三个章节内我只看到了迟缓的情节、庸俗的对白、呆板的文字、脸谱化且不讨喜的人物。特别是作者惨不忍睹的小学生一样的文笔，根本无法吸引我。即使整个系列的世界观真如书迷们所说的那样恢宏惊奇，我也无法忍受作者悲惨的讲述手法。不管巧克力有多好吃，被一块脏手帕包着我也很难对它产生兴趣。
三体,抬头见喜,2015-01-21,30.0,为什么这么多人都说好看= = ，科幻迷都觉得文字好粗糙。。
三体,培疯,2015-02-16,40.0,想象奇特，文笔平庸。
三体,[被注销],2011-05-27,50.0,接近史诗。借异种文明突显人类困境，是不是科幻反倒不重要了，真正好的文学都是超拔于类型之上的。
三体,小米=qdmimi,2009-11-28,40.0,当年《三体》历经八期连载才结束。陆陆续续看了好久，感觉小说本身也像是一个多线程的游戏，叶文洁的经历，伊文斯的故事，三体教的发展，三体人的行动，一齐向结局涌动。这是这个故事的优点，同样也是缺点。现实与幻想交织的气势的确磅礴，但整个故事作为一本书就好像被那个纳米线割过一般支离破碎。故事的结尾收的太急，不知道三体2里会有怎样的接续。昨天AI宣布退役，大家分析为何他如此桀骜不训的独狼性格还能拥有如此多的拥趸？球打的好是一方面，更重要的是，他在长如林的NBA中体形比较小，更接近常人。换句话说，他代替广大群众实现着登堂入殿的篮球梦想。所以——我还是比较喜欢有关叶文洁的篇章，因为她离咱近……愤怒转为绝望，再有知识与机会加身，一个女人就能作出杀人到灭绝人类的行为。当然，《三体》的结尾实在远远不够绝望。现在可以搞本《三体2黑暗森林》看一下了。
三体,AllenGY,2014-08-01,40.0,四颗星给物理、数学逻辑，一颗星减分送给刘慈欣的文笔，果然，科学家能写作，母猪会上树。
三体,萨库拉,2011-07-02,50.0,如果我每隔十分钟便不由发出一声“牛逼”的感叹，是的，我正在看《三体》。
三体,朵拉和朵拉,2012-05-18,30.0,"我想知道的是1.质子如何从九维展开到二维然后在保持蚀刻线路不被破坏的情况下转到十一维 2. 智子从三体世界被送到地球的的这个过程如何不受太空中这么多电磁影响被吸收或者偏移 3. 智子如何在没有二维展开的情况下同一时间监控地球 4. 地球监听智子是否可以远距短时进行信息传播和交流 5. 三体游戏中是否可以玩家互见; 秦始皇牛顿等人到底是程序还是真人?第一部和第二部完全矛盾 6. 为什么不利用三体模型对照预测变化,虽然不能解决但是有利生存啊? 7. 既然可以在9维空间上展开, 又能制造水滴, 为什么不直接去包覆或者毁掉多余太阳? 8.1中三体世界已经研究到九维，为什么不能制造一个四维空间来隐藏位置？9 二向箔和黑洞的对抗？"
三体,蕾拉❤初心者,2010-10-31,50.0,今天下午中微课上继续看来着，看到冯诺依曼那个三千万士兵的人肉计算机运算实在是大赞啊大赞（与非门那一段我就在一直想，他是怎么想到写这个的……）……第一次看长篇科幻小说，觉得看到了一种全新的东西……非常有感觉，推给宿舍MM们了……
三体,烤雞,2013-04-30,40.0,我覺得還是EVA的世界觀更加宏大。。。
三体,工口工口小黃門,2012-09-15,40.0,文革和大跃进部分看着真心难受 联想这段时间的逼事 几十年来很多人的思想还未开化 野蛮粗暴 以上是题外话。
三体,六十六个猴,2012-06-27,40.0,一贯的精彩故事，一贯的脸谱人物，一贯的让我不想再看第二遍。
三体,谢飞导演,2016-12-10,30.0,好看。
三体,江湖骗子习新特,2014-11-30,20.0,故事讲得倒还算有趣，但是军事强国自信、银河系生态解放军这种老掉牙的东西实在是……居然还有脑残粉说这小说可伟大了，唯一的缺点是作者是中国人……这小说要是美国人写的估计是看的人更少了。我暂时不想看后两卷……
三体,水湄物语,2011-01-27,50.0,牛，牛，实在是非常的牛逼！！！
三体,大島,2015-12-06,50.0,三部中我认为最好的一部，虚拟的三体世界似神话又似外星，让我想起王小波书中的世界。作者不仅对科学有扎实的基本功，对人性也有着深刻的理解。
三体,阿子-,2011-02-21,30.0,世界观就一句话：落后就要挨打……还能说点啥
三体,kylegun,2013-05-10,40.0,典型的工科世界观，简化参数，构建模型，可惜这种粗略的人物模型近似，使得人文部分过于一根筋想当然，两个文明中的各色人物被简约到只像是电脑游戏的人设，过于儿戏的剧情展开缺乏张力，和过瘾精彩的硬科幻概念相差太大。话虽如此，看到国人能写出那么科幻精神的东西，还是很振奋人心的
三体,danver,2013-04-21,40.0,如花姐所说，大家都要去买大刘的书，把他养得白白胖胖的才好继续去写。这货的想象力真是了不起。但看到后半段想起来另一个半路出家的魂淡，才想明白问题出在哪里。所有的科幻都是说教，大刘舍不得藏起自己任何一个设定来让人猜，他一定要讲给你听还得讲明白了。但真要成为勾人魂魄的神作，那种只扔出一个标识、一点残砖断垣要读者们挖破了头也非要把背后的历史王国挖出来，扔出来十个这样的暗示不怕有九个失败的决断的舍弃能力是大刘不具备的。而做好了庞大的设定再进行去血肉、旧化、片段化的作业，把它埋进故事的暗线里，明确地浮上地表的只有那一小块关键性的碎片的技术——这简直是推理小说的技术——从目前来看大刘也是不具备的。于是我不得不再次对阿西莫夫爷爷致以无上的敬意。顺，另外那一个半路出家还有设定说教癖的魂淡，丫的名字叫京极夏彦。
三体,大头绿豆,2017-03-03,50.0,精骛八极，神游万仞。科幻中最吸引人的宇宙、时间、空间、末世情结，都能在其中找到。人性在种种极端环境下的复杂变化，支撑那些瑰奇幻想的技术细节，随着它们推动故事，探求科学边界，思索各种终极追问，都是让脑浆沸腾的智力游戏。经由书中的某一节点，就可以生发许多悠然遐思，想象边界不停打破。程心真的飞到DX3906的时候，我真的有点激动；1890万年的沧海桑田虽然料到，但也仍旧震撼到我。大多数人到死也没向尘世之外瞥上一眼，我们跟着走过那几个波诡云谲的世纪，是幸运的一群。
三体,★☆☆☆☆,2015-12-16,40.0,刘慈欣对“三体教”的描述也适用在“《三体》教”身上。
三体,甜老虎,2012-08-03,20.0,狭隘了
三体,[已注销],2010-05-21,30.0,期望过高了……其实没那么神。感觉很有浦泽直树的感觉——哦，对了，他们都烂尾了
三体,蜜兜,2015-09-17,50.0,文笔什么的已经不那么重要了，作者的视角以及情怀，才是令人叹为观止的。给岁月以文明而不是给文明以岁月。
三体,暴走系乙女药,2015-05-16,30.0,了得小姐推荐的，可是，看了一天加一晚，睡着过去三次，我是真的很认真努力了。可是先把理念架构放一边，作者写故事的能力实在欠佳。也可能是从小看书到大胃口已经逐渐刁钻，最介意的除了故事性和作者的思想，首先要求文风老辣。
三体,柴斯卡,2016-02-19,,长途重新读了一遍。终于发现三体1确实还是写得比较糙的……以及从热门划线里，可以分析出现在读者的口味……
三体,高源,2015-09-22,30.0,科幻足够硬，脑洞足够大，文笔足够俗，三观足够雷，奇葩，奇葩奇葩
三体,阅微草堂,2012-01-11,10.0,垃圾，这也叫做书
三体,hiro,2011-05-23,30.0,叶文洁心理变态，伊文斯心理变态，难道那么容易找到那么多心理变态的高层人士么？？？？？？
三体,锐奇学,2011-02-08,50.0,一部严格说文笔并不怎么好的小说……但是……但是但是……
三体,神威,2013-02-03,40.0,休憩40th.这套书价值不需多言，这应该是我读的第三遍了。横向来看这本一是三本中技术含量和思考点最少的一本。叶文洁引入三体文明的心理很容易看穿，前些年国军正面战场抗战翻案风中，出现了很奇妙的唱红委员长风潮，这太有趣了，内政一塌糊涂的委员长被推崇不是因为大众多喜欢他，只是因为对现状太失望，有变化就是好的，不管什么变化。叶文洁心理如是，外加宁可毁灭绝不苟且的疯狂偏激女性心理，哈哈。另外，三体游戏与人体计算机的想法多么好，大刘一人之力让中国科幻不输世界水准，我等只能膜拜
三体,叶镶嵌,2014-11-25,10.0,论理工豚的想象力
三体,Bigteeth,2010-02-13,20.0,科幻小说说到底也应该是小说。
三体,sirius_flower,2014-11-21,30.0,科学模型是有趣的，但问题在于这种简单的二分逻辑下，当你说出“人类”这个词的时候你就恍惚间进入了忘我的状态，这种飘飘然的感觉恰恰让你忘记了你是个人而后你以为自己已成神，因而可以像谈论他者一样轻描淡写地谈论人，你拒绝了你本身为人的伦理向度。你以为你解决了问题--“杀光人”，而你其实什么都没解决，你只不过再重演希特勒的思维而已
三体,动物园长阿莉莉,2014-12-05,30.0,文笔太差 差到可以说毫无文笔可言。我基本上毫不在意文笔只重视情节的人都觉得这文笔太差了……！当然个别句子还有点意思 但是整体让人看得觉得特别无聊……然后又是世界观的问题 我完全不觉得这个世界观牛啊……说了一万遍了我自己的世界观比这个牛多了嗯！
三体,阿随向前冲,2011-10-10,,第一次看到对微观宇宙世界的描述，高维度向低维度展开的壮美已经超过语言描述功能。宇宙零道德的设定伴随着地球人和三体人的互相意淫，对人性本恶的扩大毫不留情。总之各种牛逼极了。PS：看到最后叙述对象转移到三体人时，嗯，宇宙就是个苦逼大熔炉。
三体,Good day,2015-07-29,20.0,中学生的语文水平，人物形象都像脱水的三体人一样干瘪，故事算是有趣。
三体,陆支羽,2011-04-19,50.0,最透明。
三体,凌睿,2013-10-26,50.0,我们的一举一动都受到监控，不管你做了什么事情有关部门都会知道。我们看不见智子，但智子无处不在。
三体,,2011-01-13,50.0,从人类历史中某段最黑暗的片段之一写起，到宇宙历史中某段最黑暗的片段之一中去
三体,李小河,2015-03-27,40.0,来自三体世界的两个智子对于地球的作用就是POI里机器宝宝对米国人民的作用，you are being watched，地球人！你们正在被做成表！
三体,元首特价大酬宾,2017-07-02,20.0,已阅，狗屁不通！五毛钱小说在《故事会》上连载就行了，不要搞到外国去丢人，人家会以为我们社会主义除了喊喊口号，就是屌癌，影响很不好嘛。你们自己看看这段“她已经用一条看上去如春藤般柔软的玉臂夹住了……”如春藤般柔软……柔软……的玉臂……生动地不可思议啊同志们。
三体,扭腰客,2012-10-29,50.0,为什么卓越买来的书好像盗版一样。。。实体店里买来的也是这样么。。。当然，书的内容是彻底震撼到我了，继续看三体系列第二本
三体,~,2014-11-21,20.0,难道只有我不喜欢刘，只有我觉得三体一般？！啊啊啊Σ(っ °Д °;)っ
三体,渍,2017-09-30,40.0,理工男的浪漫宇宙
三体,lullabi,2011-09-28,30.0,文笔太硬伤了 构建也不够庞大和史诗
三体,从 军 行,2017-07-16,40.0,接入旧事，继以奇篇。
三体,有寂,2016-03-19,20.0,其实就是吴三桂放清军入关的故事嘛。。。三体文明真正暴露的瞬间出戏，这么高科技且历经涅槃的种族居然和人类共享一个道德框架，最后居然还落脚到人性的多样上来。当然这一切都比不上刘慈欣的写作水平，那真是太可怕了。
三体,上巳,2015-01-01,10.0,语言粗糙  毫无美感。
三体,时间之葬,2014-11-16,30.0,在《星际穿越》的热潮下，又有不少朋友推荐《三体》之牛逼。拿来兴冲冲看完，觉得这第一部也就是脑洞开大了些的网络文学水准，情节的推动很有点跳脱与生硬。待看完三部再看看会否有进步与改观吧
三体,Paco,2018-01-03,50.0,意料中的牛逼程度是必须超出意料的，从这点来看低于期待。但见到一个平生遭遇过最具备说服力的可知论宇宙对我来说是一种史诗级满足，也不避讳它对我有三观层面的冲击力。后半段在理论性解密中几乎彻底落俗，但并不可惜且更加激荡人心。非常坚定认为，没有被所谓烂文笔打发走完全要归咎于自己书读得少，带着这种认识和对文字可能性的重审，祝自己顺利开启阅书元年。
三体,孤舟蓑笠翁,2015-06-17,10.0,狂妄自大的毁灭主义者，我看你们都活得挺有滋有味。贩卖绝望也是一种生意，代表就是你们在教会的同行开发出来的，叫做赎罪券的印钞机。
三体,蔌弦,2014-11-25,30.0,偷偷标一个，曾经我也是读过三体1的人，但是实在看不下。
三体,玛特,2015-11-12,30.0,五块钱在kindle买的《三体》全集，这几个月的旅途读物，只在飞机、火车上看，没看完平时也不会惦记，今天在回程动车上看完了。应该是不同意作者的基本假设的。
三体,[已注销],2011-07-18,30.0,我不能因为是中国科幻就眯着心眼儿给高分…
三体,阿齐啊,2015-09-22,30.0,想象力超群，故事讲得差。
三体,叶酱,2012-05-27,,第一部科幻，看得我脑细胞都要死光了，坐等缘分再说吧。
三体,MaY°玫,2014-06-10,40.0,这本在中国科幻界超有名吧，我挺喜欢里面那个三体游戏的设定的。其它的，文笔说实话一看就像中国人写的，很稚嫩的感觉，说不上来没有那种宇宙地球的大气范儿。。各种科学名词到是写得挺悬乎，作者辛苦了。。还是要加油提高文笔啊。。
三体,陈毓秀,2011-10-05,50.0,星空永远令人敬畏，然而道德脆弱不堪。因为人类本身，最终亦不过灰飞烟灭
三体,Sarcophagus,2014-04-12,50.0,1971年那个普通的秋日，监听信号出了状况。//那些充满文革后期手抄本及八十年代故事会色彩的文笔和情绪，还是作者克制不住的意图表达啊。
三体,马克爱马克,2014-09-27,10.0,有些许亮点的科幻小说，相当糟糕的一部小说。人物和对话完全为了情节而情节，为科幻而科幻，有再多的专业名词也拦不住傻气外露；许多设定也是漏洞百出，完全禁不住推敲。实在无法理解为什么会有这么高的评价。同样都是扯，真还不如老夜冒死记录扯得好看。
三体,巴黎草莓,2012-12-08,30.0,文笔太糙，人物也比较糙。故事的部分，没年少无知读卫斯理的眼前一亮，更不用说银河系漫游指南那种有趣了。也因为读过这两个，这本大约读到一半就想得八九不离十了，于是乐趣全无。而且里面的那种想法是我一直觉得很愚蠢的。
三体,拜嘛,2015-12-26,30.0,被安利了很久，然而看完并没有兴趣看2和3。科幻部分写的真不如文革的现实部分
三体,一千,2014-02-08,50.0,即使物理从未及格也向本作献出了膝盖。
三体,安东妮,2015-08-28,,有人跟我说忍到三会有巅峰体验。。
三体,槟榔鱼,2011-10-16,40.0,构建世界的能力还是不错的。但是也只停留在表面。
三体,弗朗索瓦张。,2014-03-16,50.0,一直听说是中国最适合改成科幻大片的小说，读后关于这点略微失望:太“硬”了，大场面几乎都发生在虚拟实境游戏里，改编难度太大。然后读这书似乎让我重燃小时候的科幻狂热，想起小时候做科学家的梦想，我不能够放弃科幻。
三体,锦瑟二十,2013-01-13,40.0,我是读《小灵通漫游记》长大的，几乎是科幻盲，所以看着这个《三体》很是惊艳，特别是在通俗小说里读出严肃文学的命题，比如关于人性的善恶，比如道德泛边界观，比如历史观（以三体模型重构人类历史），比如对社会问题的关注，像对人类未来的处境作出的推测和思考等。当然，大刘的科学背景出身，使他的小说毫无疑问的带上硬科幻色彩，在科学方面极少谬误，知识体系的庞杂与故事的较好对接与融入，使得整个故事言而有据，有一种虚构的真实感。就叙事技巧来说，也写得悬念迭增，引人入胜，就是男主人公汪淼这一角色太像个穿针引线的了，没啥主动性的，只是为了带出叶文洁，远不如第二部里的罗辑写得好。
三体,违天择,2011-06-09,40.0,粗陋的文笔和成熟的科幻核心组合出的奇葩
三体,Lily Legacy,2016-10-14,30.0,作为科幻小说，可读性还是很强的。三体文明整体架构体现出刘慈欣非常强大的想象力和天体物理科学素养，却缺乏饱满的人物形象、圆满的文体结构和更深刻的现实表现力。但刘慈欣缺少了点文学素养，对于科幻迷来说又有什么影响呢？他们需要的烧脑的科幻故事，而不是纯文学。整体来说，作品可读，但不必较真。
三体,老袁,2013-08-13,40.0,"终于鼓起勇气看了三体，浮躁得看不下去任何厚的的书，最后无聊打败了懒惰。看完了1,接着看2和3。看完想到了小时代2：黑暗无边，与你并肩= ="
三体,Roland,2014-10-07,50.0,以前有个叫《飞》的短篇也是把文革迫害知识分子和科幻结合起来的，不过三体1这点做得更好。叶文洁的文革剧情写的很充实，这个角色也比后面两部的主角真实感强得多。后面近现代的剧情也显得这一本最接地气，没什么可吐槽的地方。
三体,拙棘,2015-07-26,50.0,“但在所有与会者眼中，这个世界已经不同于以往了……”在宇宙的尺度上投射受缚于“人之条件”者的隐喻，言说难以言说者，本体与喻体的巨大不对称所塑造的不可理解的可理解性营造出了震撼。但另一方面是人文社科小清新。正如刘慈欣所郑重宣告的，道德与技术的进展并非同步，对科技的想象力与对人心的感受力也几乎是两种完全不相关的能力，而刘在后一方面挺弱，特别是第二部中对庄颜这块“定制禁脔”的描写，鄙俗不堪。以及看过三体二三部的人数都是6万左右，相差不过数百，看过第一部的则有将近10万。
三体,瑾朵朵,2009-05-07,50.0,当初为了读完这本小说，天天等着盼着一个月一期的科幻世界，坚持了一年多终于看完了，好书啊，不亏我一年多的等待
三体,曾二郎,2012-05-07,50.0,在128*160的手机上看完它，结尾部分关于智子的描写非常有趣，启发性极大。我也不再纠结于自己的“粒子宿命论”了——命运还是可以掌握的。
三体,不要焦虑浣熊妹,2015-01-12,40.0,前半部的文革场景以及三体世界真相展开之前的悬疑感真的蛮creepy，文字和节奏很是生硬，但搭建这样的故事的想象力和浪漫主义笔触不可能兼得。
三体,狂人,2015-01-02,30.0,浓浓的80年代风格，格局宏大，但细节粗糙，人物不够立体。
嫌疑人X的献身,LOOK,2015-02-12,50.0,被震爆了。西方作家打死也写不出来的一类小说。还不是纯东方的，而是纯日本的。石神的情感模式和日本武士道剖腹、神风敢死队自杀式攻击的献祭式情感模式是完全一样的。瞬间的喜悦。瞬间的悟道。极致的浪漫。
嫌疑人X的献身,江仙*响姐,2013-08-14,50.0,每次看到微博上黑数学的言论，很想跳出来说数学的优雅和实用是学不好数学的人体会不到的，数学是我认为唯一受益终身的学科，数学不好会影响写稿。。这本书给我强烈的知音感，必须强调这种感觉不是主人公数学天才给予的，而是东野的叙事方式。案件的谜底并不十分惊人，书名其实已经揭晓谜底，整个案件是一个清晰简明的定理，优美的是证明这个定理的步骤。更令人感激的是，东野把情感设置为这个定理中唯一的漏洞，数学天网恢恢，控制不了人情这个变量，真是深切地熨贴了文科生脆弱的小心灵
嫌疑人X的献身,七颗栗子,2008-10-25,40.0,爱情的残酷在于，即便如此，依然不会得到爱。
嫌疑人X的献身,原来是西门大嫂,2011-03-04,40.0,最后那个抛给靖子和石神的道德情境设置非常非常精彩，不能赎罪的痛苦是石神永远无法用数学来计算和衡量出靖子所可能做出的选择的。
嫌疑人X的献身,猫语猫寻,2013-04-10,50.0,看的我浑身一个激灵，一身鸡皮疙瘩。要有多爱一个人，才能够做到完全抛弃自己，抛弃自己的生命、声誉、挚爱的数学、爱情、快乐、幸福以及那人生还未发生的未知的美好。当你觉得那个人已经做到极致的时候，你却完全想不到他所给予的远不止你看到的这些，着实很难忍住那激荡的情绪。躺着看书的我，已经忍不住坐了起来，震惊震惊震惊。这就是东野圭吾。这就是这本名符其实的赞誉满满的推理小说！大赞！
嫌疑人X的献身,疯疯爱,2010-04-26,50.0,逻辑的尽头不是理性与秩序的理想国，而是我用生命奉献的爱情
嫌疑人X的献身,葵花卷,2013-01-31,50.0,深情即是一桩悲剧
嫌疑人X的献身,小晨,2011-03-05,40.0,东野圭吾真是强啊，总是在最最后的短短几页，颠覆读者所有的假设。我不相信有人预测的出这个结果，却绝不突兀。这么顺理成章的意外结局，你还能写出多少种来，我们拭目以待吧。
嫌疑人X的献身,小岩井,2012-09-20,40.0,有时候觉得汤川的情商也很高，能够细腻到发现石达摩一句简单赞美中的内心。。。看完我就忘记了作案手法，却忘不了石达摩自杀前打开门看到邻人那张温暖的笑脸
嫌疑人X的献身,扭腰客,2009-03-19,50.0,东野只有这本和《白夜行》我给五星。阅读过程真是痛苦，真是痛苦
嫌疑人X的献身,幻仔面,2013-08-30,40.0,结尾像是在快进。
嫌疑人X的献身,Urban_Solitude,2012-05-08,40.0,[ 她从未遇到过这么深的爱情，不，她连这世上有这种深情都一无所知。石神面无表情的背后，竟隐藏着常人难以理解的爱。 ] 汤川的坦白、婧子的自首，这些最在意的人将石神的牺牲变得毫无意义，这是石神最大的悲哀。
嫌疑人X的献身,黑色七月半,2010-12-05,40.0,有时候，一个人只要好好活着，就足以拯救另一个人。
嫌疑人X的献身,乙左左,2014-12-02,40.0,还是白夜行好，连续读完东野的三本小说解忧、白夜、X，受到不小的震撼，不是惊叹于他对犯罪手法的精妙，只是在思考，是不是需要更多的语言和情节来塑造人物，他写的不是侦探小说，写的都是爱吧。
嫌疑人X的献身,大萌,2013-01-17,50.0,难以理解的深情，其实只能自我感动。
嫌疑人X的献身,胖达叔,2016-05-20,50.0,确实很牛，我读过的每一本东野圭吾给我感觉都不一样，这本书的感觉是：一个一生都理性的人却用一次感性了结了余生。
嫌疑人X的献身,我做导演不为艺术只为潜规则,2013-04-24,40.0,那个“技师”太无辜了
嫌疑人X的献身,元婴,2015-02-24,30.0,不觉得多好看………………………………………
嫌疑人X的献身,宋小君,2011-10-12,50.0,爱到极致当如是。
嫌疑人X的献身,好姑娘老妖,2016-07-03,50.0,如果你不能幸福，那么我所做的一切都没有意义。——可是，你牺牲了那么多，她又怎么可能幸福呢？
嫌疑人X的献身,袁牧,2013-05-13,40.0,一口气看完确实很爽，要求过高还是怎么样，解密时反倒想跳过去，作者为了一个要传达的理念，刻意把诡计布置的很简单，当做社会派推理小说也不错。很满意石神和婧子这样的组合，因为一开始就有了强烈的化学反应。科学上的天才，社交上的白痴，这样的人物看过很多，真正的感动的是石神无论是对于数学还是婧子，只要喜欢，就不会有所怀疑有所保留，并时刻以命相抵。
嫌疑人X的献身,碧落亦然,2013-05-19,40.0,这时一个爱情故事，你这个愚蠢的女人何以用这种办法去泯灭掉自己如此为自己奉献的男人，所谓的良心有时候真的入刀一样刺杀着爱你的人。这就是一出悲剧，人生价值的取舍，步步为营却丧失一切。东野圭吾最擅长写的不是推理小说而是对于人性的刻画
嫌疑人X的献身,名字里都有个狐,2015-11-20,50.0,沉默的人，才会有这么深刻的感情。
嫌疑人X的献身,林西拿,2014-04-24,10.0,喷了！好像与世界为敌了！给故事跪了！作者举步维艰地终于丢出了最大梗，好像精疲力尽了，好像写不下去了！我怎么看到了五月天阿信在唱歌的样子！怎么回事！
嫌疑人X的献身,眠去,2009-08-31,50.0,看哭了好几次，但东野圭吾的每次结尾总是写不如我意
嫌疑人X的献身,棒茄子万引き,2012-11-12,30.0,你是天才，你热衷于推理解谜，你要把每一个谜团都磨成粉末，你硬要在圆里找缺口，你说实在看不下去别人受到蒙蔽，你用自以为是的正义来揣测他人的动机。我讨厌你，汤川，就像我从小讨厌柯南一样，因为那个臭屁的小孩总是像念咒语一样说真相只有一个。
嫌疑人X的献身,狸空,2012-06-28,30.0,文笔一般。疑点很多。屌丝的高级逆袭。感觉就是要把人物符号化旨在布置一个终极骗局。石神脑子那么好使，不会不知道防卫过当顶多判3年。用这种方式和母女保持一种联系也很自私。
嫌疑人X的献身,鹿LUV,2011-10-27,50.0,这是我想的到的最纯粹的爱
嫌疑人X的献身,lilla my,2010-05-28,50.0,没那么讨厌数学老师了
嫌疑人X的献身,林隐,2010-11-24,50.0,我们从来都不知道这世上竟然也有这么深刻的爱。
嫌疑人X的献身,连虎修,2015-09-29,30.0,汤川请立即去世
嫌疑人X的献身,毛利,2013-10-02,30.0,看完了，对类型小说好像总是狂热不起来，感觉一点不激动。。只想到一个问题，如果每个想自杀的人都要最后燃烧一把光与热，实在是很可怕的事情。
嫌疑人X的献身,叶小泷 (Luu),2012-05-06,50.0,屏着一口气读到230页那句话看得我差点灵魂出窍，坐在地上伸了好几次手才把卧室门打开。强大的爱意在最后胜过了恐惧击穿了我。这也是我第一次读懂“献身”这个词。“她从未遇到过这么深的爱情，不，她连这世上有这种深情都一无所知。”我们也是。
嫌疑人X的献身,王大根,2016-06-15,30.0,要按照书里的外貌描写，最适合演石神的人根本是荒川良良吧……
嫌疑人X的献身,清风,2009-01-12,40.0,只有日本人才能想出的情节模式
嫌疑人X的献身,霜月落,2014-11-25,40.0,“草薙觉得他仿佛正呕出灵魂”，石神悲鸣的不仅是因靖子的自首而一场空的庇护，同时也是自己天才却又灰暗的人生。
嫌疑人X的献身,陶小啕,2013-09-27,50.0,电影更爱煽情的韩国版，可能是柳承范版的石神太帅。读完书觉得不像爱情故事，而是两个高智商男人之间没有硝烟的战争。“自己想出答案，和确认别人说的答案是否正确，哪个比较简单？”作为孤傲的数学天才，失去生命并不可怕，自己的谜题被解开才足以让他毁灭。
嫌疑人X的献身,Lacrymosa,2015-07-01,40.0,这个题目一直让我腹黑的以为，石神要利用为母子掩盖真相的事而去控制靖子，我太以小人之腹了啊，谁知是相反，震惊于此等情感的存在，也是神来之笔。
嫌疑人X的献身,掉线,2015-11-04,40.0,结尾三章扣掉一星，真相的确惊人，但汤川学的推理和行为逻辑过于牵强，毁掉了之前那么迷人的慎密感
嫌疑人X的献身,神威,2012-01-28,50.0,非常好，完全被误导掉了，不过如果我是汤川，我不会去揭露石神的，这就是价值观的不同吧，有人把公平正义法理视作不可侵犯，但我还是觉得，法理不外乎人情，尤其是公平属于奢侈品的今日
嫌疑人X的献身,撒旦的表妹,2014-08-25,50.0,一定要这么绝望才能诠释爱吗
嫌疑人X的献身,老袁,2011-03-09,20.0,无法理解日本人的情感，那种所谓纯粹和极致在我看来就是不生活，微微显假
嫌疑人X的献身,游萦,2012-05-05,50.0,精华全在最后一部分啊
嫌疑人X的献身,李苦瓜,2014-03-05,50.0,“这么多人如此爱我，我为什么还是无法幸福？”
嫌疑人X的献身,你的小标点,2017-03-28,40.0,因为爱上一个女人，古板的数学家石神开始注意玻璃门上自己的头发是否稀疏，这样的举动让汤川大吃一惊，然后一点一点推理出犯案的经过，所以，问题的关键就在于——决不能秃头！！！（重点错）还有，未必是爱，就是一个对生活没有希望的人，再次找到了人生的依仗，一点希望的投射。
嫌疑人X的献身,Yuyii,2015-04-09,50.0,究竟爱一个人，可以爱到什么地步？ 究竟什么样的邂逅，可以舍命不悔？ 逻辑的尽头，不是理性与秩序的理想国，而是我用生命奉献的爱情。
嫌疑人X的献身,JOJOORC/Z,2010-06-01,50.0,最让人动容的是不断绞死自己的一个个细节
嫌疑人X的献身,杨迪,2013-05-06,50.0,敢再好看点吗？一口气看完了、
嫌疑人X的献身,边城不浪,2008-11-17,30.0,这不是我读过的最纯粹的爱情，更不是我读过的最好的诡计
嫌疑人X的献身,koala,2011-07-27,40.0,沉闷，为什么会有人觉得是爱情呢，不过是在无望的虚无中所做的徒劳的抵挡，而无论再精巧的设计，到最后发现都是徒劳的。这样的结局，与《白夜行》其实是近似。人们所做的，其实都是为了自己啊。
嫌疑人X的献身,冬季向日葵,2014-10-13,50.0,不寒而栗。越崇高，越残忍。对事物或人极致的爱，归根到底是无可救药的病态。可控，本身就是一种失控。#嫌疑人X的献身#，三晚读完，251页。东野圭吾是个没什么废话的作者，绕的远但绕的了圆，不是肤浅卖弄智商的低级套路，是细微处见真知见深度见高度的。目前为止，我这么认为。
嫌疑人X的献身,墨梓,2010-09-23,,怎么处理尸体？学习了。备用。
嫌疑人X的献身,林雪哲,2016-06-25,50.0,我觉得，作者设计出靖子投案自首的结尾，是为了拷问石神的既无私又变态的灵魂。换言之，结局在很大程度上，是在惩罚他为了所谓纯粹的爱而滥杀无辜的罪行。也可以说，结尾是对靖子敢于以终身幸福来赎罪的崇高人性的赞美。直到最后几页，我才同意此书是实至名归的。
嫌疑人X的献身,希·陌璃,2016-08-06,50.0,一口气读完，浑身鸡皮疙瘩，断断续续忍不住在哭。。。案情的复杂精妙固然让人出乎意料，但是最震撼我的还是，最终支撑一切也毁掉一切的，爱。是美好的生命让石神重新对人生的燃起希望，是强烈的爱情让他布下精妙的案局，却也是人性的柔软让最完美的谋划功亏一篑。这让我联想到，《罪与罚》里 陀思妥耶夫斯基选择宗教来作为最终的答案和解脱。人啊，再缜密的逻辑，再精细的算计，再天才的大脑，也抵不过一颗心。情感，或许才是人能拥有的最强大的力量。现在的感觉，很像看完《霸王别姬》时的感受，太复杂，无法用简单的痛苦或者震撼来形容。之前看过的所有推理小说，总感觉欠缺点什么，因为是输给逻辑，这次输给人心，无话可说。
嫌疑人X的献身,米米米妮,2011-01-30,40.0,疯狂，才是案情的关键
嫌疑人X的献身,陆秋槎,2009-02-28,30.0,最讨厌东野圭吾
嫌疑人X的献身,玛嘉烈玛嘉烈,2012-11-21,50.0,一直久仰这本书大名，在谜底没被揭开之前还满脑子疑问＂这个故事，到底牛逼在哪？明明很一般啊。＂可是在看到真实答案之后，根本就没法忍住，眼泪刷刷地掉。我觉得这并不仅仅只是一个云诡波谲的爱情故事，比爱情更深一点，就像结尾写的＂有时候，一个人只要好好活着，就足以拯救某人。＂
嫌疑人X的献身,谭香山,2015-02-11,30.0,什么鬼……东野文笔向来奇差就不说了，作为推理小说，根本不过关。以后请在言情板块开设东野专区吧，不要再来跟我撕逼说他的小说有多好了。
嫌疑人X的献身,以太与二氧化碳,2016-10-15,30.0,汤川这个人才是最恶毒的吧，一个唯恐天下不平的搅屎棍，一个站在道德制高点的圣母。
嫌疑人X的献身,小岩菽,2008-10-24,50.0,同样无法相信人性中会有如此极致的爱。
嫌疑人X的献身,阿卡子,2013-01-26,50.0,汤川是个非常虚伪、傲慢的人
嫌疑人X的献身,卡列宁の微笑,2010-11-10,50.0,一个理性的人居然不露声色地把感情表达到了极致。
嫌疑人X的献身,岸辺☆扑克,2013-11-24,50.0,请把我完全忘记，千万不要有罪恶感。因为如果你过的不幸福，我的行为将会完全成为徒劳。 这句也太...TTATT
嫌疑人X的献身,金满满.周,2017-04-07,40.0,一件从最开始就注定没人能获得幸福的事情。
嫌疑人X的献身,汐沥,2014-07-26,50.0,自己想出答案和判断别人的答案是否正确，哪个比较容易？
嫌疑人X的献身,白兔罐头,2011-08-05,50.0,究竟爱一个人，可以爱到什么地步？ 究竟什么样的邂逅，可以舍命不悔？ 逻辑的尽头，不是理性与秩序的理想国，而是我用生命奉献的爱情。
嫌疑人X的献身,TM,2008-12-27,30.0,猜出
嫌疑人X的献身,安潇,2014-06-02,40.0,最爱看逻辑天才的推理对弈了。
嫌疑人X的献身,Kreuzberg,2013-07-25,,十杀九奸
嫌疑人X的献身,鬼腳七,2015-07-23,40.0,石神继续嘶吼，草雉觉得他仿佛正呕出灵魂。最后这个视点选择简直赞爆了。
嫌疑人X的献身,陆钓雪杜诗镜铨,2018-06-06,50.0,命运和上帝，骰子和陀思妥耶夫斯基。2018年6月6日。
嫌疑人X的献身,信心不逆的熊宝,2015-05-13,50.0,在咖啡馆里因为这本书泪一直忍不住的流
嫌疑人X的献身,Mignon,2010-05-22,40.0,触动人的不是案情而是爱情。
嫌疑人X的献身,贝塔,2015-02-02,40.0,#2月读书#献身也不为高尚，可能是对认定价值观的执念；认罪也不为报恩，可能是无法承担而寻求解脱；破案也不为正义，可能是寻求智力超越的快感……读东野奎吾第一本，就是这么纠结
嫌疑人X的献身,开膛手贝塔,2012-11-02,40.0,电影中的悲情都变作书中的震撼。像石神这样的男子，果然是只配活在异次元。有时候，只要一个人好好活着，就足以拯救另外一个人，哪怕这故事写得像个童话。
嫌疑人X的献身,lcy,2013-05-21,50.0,“知其不可为而为之”，爱上了就是明明知道没有结果也愿意付出。即使两美必不相合，也“余初其犹未悔”
嫌疑人X的献身,闲闲圈四号,2009-09-15,30.0,"作为我看过的为数不多的侦探小说中算得上是够侦探小说的了,不过大概期望太高,我想看到更让我心动的作案手法和理由"
嫌疑人X的献身,内陆飞鱼,2013-02-15,50.0,完美。先看电影，再看小说，还是觉得文字更牛。
嫌疑人X的献身,薇莱,2016-06-25,30.0,第一是靖子的自私令人喜欢不起来，第二是行文啰嗦，第三是盛名之下自己的期待过高。反而显得非常普通。
嫌疑人X的献身,半辈子,2011-06-23,,悬念扣之外的人情故事，是非推理者也感到一级棒的程度。
嫌疑人X的献身,天蝎小猪,2008-09-29,50.0,強大的愛情，強大的詭計...
嫌疑人X的献身,莫沂,2013-09-16,30.0,更喜欢白夜行一些，可能跟主角不够年轻有关，脑补画面无力，很难改变成影视片吧。推理的逻辑性很强，但也谈不上特别悬疑和惊心动魄，至于伟大的爱情，其实也谈不上，大概是完美主义者的一意孤行～
嫌疑人X的献身,ChinaGirl,2014-08-22,,虎头……蛇尾
嫌疑人X的献身,Wunching,2014-02-12,50.0,作案手法和情感的结合真是一气呵成啊，非常高招，比白夜行成熟多了。。。结局好揪心，但是正因为每个人都是个有良知的好人，才会有这样的结局啊……
嫌疑人X的献身,yezzi,2013-03-22,30.0,就算你爱一个人，记得也爱个情商高的。
嫌疑人X的献身,Pilgrim Soul,2015-03-15,40.0,花了两晚上读完。只能说日本人的法律意识也不怎么强啊。明显碰到这样不断骚扰的前夫，就应该报警。另外，就算失手杀死了，也应该直接自首，顶多算是过激防卫，不会判很多年的。这样子隐瞒的搞法，果然酿成大错。世界上最不能容忍的过错就是愚蠢。15.03.2015
嫌疑人X的献身,动机在杭州,2011-08-03,40.0,1.好的推理小说都是以好的爱情为内核的。2.东野这语言简洁得像数学公式。跟读一篇论文似的。
嫌疑人X的献身,我爱阳光•月心,2015-05-17,40.0,这本确实不错，叙述简洁利落，书中这种情感是我非常向往的那种隐秘而伟大的情感，实现了文字对于生活的重新建构。
嫌疑人X的献身,Strongart,2014-09-22,50.0,故事非常精彩，就是那个数学家悲剧了一点，原因大概是因为早年全心投入数学，没有早点找好妹纸啊~
嫌疑人X的献身,琴  酒,2009-12-01,20.0,好吧，某些方面实在过于冷静的我无法为他动容分毫，也看不出下面评论里说的“孤独”，只是被摧毁了——被不可掌握的每个人不同的行动所摧毁。东野总是在谜团里走的太久，一直绕在里头，然后以几页纸迅速给出答案和结局，以嫌疑人为例，开始一直纠结纠结最后五十页突飞猛进东西都交待完毕，我喜欢渐进的推理，这一点上恶意显然上了不知道多少档次。我是个G点奇怪的人，另外就是，完全猜到的推理小说总是没意思啊。
嫌疑人X的献身,蓉儿,2017-03-30,50.0,这是要有多爱才能做到？好感动。
嫌疑人X的献身,魯西西的北,2015-05-13,50.0,2015年看完的第一本小说
嫌疑人X的献身,大闸蟹回来了,2016-04-01,,又是日本人才有的动机设定。。。到底是我看的日本书太少纯属巧合还是这个国家对“遥不可及的女性作为宅男的救赎”这码事有心结啊（说起来美国作品都有父子情结，英国的国民信仰是authority皆白痴，中国么从电视剧看来大概是吾皇万岁万岁万万岁。。。）
嫌疑人X的献身,飞行官,2012-09-04,40.0,把直觉和不确定因素作为线索，并能自圆其说，确属不易。
嫌疑人X的献身,冰糖木耳,2013-01-19,50.0,一层一层抽丝剥茧，很有感觉很有味道的一部。不过结尾收得是否太急了呢？？感觉东野的悬疑总是跟爱情连在一起。【就看过三本的人你有发言权嘛，走开！！
嫌疑人X的献身,小老鼠,2009-10-05,30.0,阅读过程还是挺愉快的，但远木有想象和传说中那么好，日系的，就是跟英美有差距，哈日的再吹也是那个样
嫌疑人X的献身,宅蘑菇Moku,2016-04-25,40.0,看到结局大吃一惊，天哪太让人难过了 QAQ
嫌疑人X的献身,Mr. Infamous,2017-03-09,40.0,其实没有想象中那么震惊，但是明知前面都是铺垫，就是没法摸到作者思维的高度，所以也还挺有趣。借着查案，探讨的还是一种情到深处的成全，甚至是更高层面的“报恩”。由此拓展开去的良知，也都特别动人。棋逢对手，情深义重，都是极为美妙的事情，只是往往世事难全。期待一下电影吧。
嫌疑人X的献身,Doublebitch,2010-06-01,50.0,看过之后竟是久久不能自拔的感动
嫌疑人X的献身,普鲁士蓝,2012-07-02,40.0,如果不是这么漫长的火车旅程 也许永远不会去看东野圭吾帅哥的书   某种意义上不像推理 反而是纯粹感情铸就的
活着,炎樱,2013-10-09,40.0,读《活着》的过程我很平静，除了有庆献血而死的描述让我呼吸急促。在那个年代像福贵式的悲剧小人物多如牛毛，他们愚昧，勤劳，坚强，隐忍，他们被时代的洪流裹挟着无法喘息，唯有努力活下去才能活下去。福贵的悲哀是每一个中国人的悲哀，谁都无法幸免。第一次读余华，他看似沉重冷静的描述却字字见血。
活着,拎北闲闲没代志,2014-07-27,50.0,读起来太顺畅，经典就是经典
活着,宇小敏,2015-07-17,30.0,第一次见序这么多的一本书。
活着,伊莎贝尔·慕卿,2014-04-12,50.0,看见了人生悲苦，看见了底层人民的乐观和坚强，看见了生命的柔韧，看见了命运和岁月那不动声色的力量。
活着,黑点小虎,2016-01-30,50.0,在《活着》中，管去世叫“熟了”。最初是福贵的爹“熟了”，初闻不解，后文说道，人死像熟透的梨，离树而落。梨者，离也。
活着,沈韶君,2014-11-18,50.0,像被悶槌重擊的胸口，無法喘息的痛。
活着,苏木,2015-06-22,50.0,我看着那条弯曲着通向城里的小路，听不到我儿子赤脚跑来的声音，月光照在路上，像是撒满了盐。
活着,晴破ㄣ我很好,2014-08-29,50.0,“人是为了活着本身而活着的，而不是为了活着之外的任何事物而活着”
活着,暖暖,2014-10-29,50.0,朴素的语言描述了福贵的一生，经历了中国的各个时期，内战、人民公社、文化大革命，福贵还活着，陪他经历这一切的人却纷纷逝世，老的、少的，都顷刻湮没在历史中。中文中的这两个字：活着，太贴主题，不是生活，不是苟活，就是活着。
活着,[已注销],2015-09-28,50.0,好几次读了。我们来这世上一遭，当然不能只为了活着。要追求更长远的人生意义。但对于一些遇到点小挫折就悲伤难过，仿佛全世界只有他一个人运气不佳、波折坎坷的年轻人，实在很有必要看看《活着》。不是叫你来比谁惨的，而是叫你知道，大家都有不容易的时候，每个人这辈子都遭遇过许多苦难。你那点破事儿，根本不值一提！坚强些吧！好好活着！
活着,老汉手植石榴树,2013-04-10,40.0,眼里看的是别人的故事 心里想的是自己的生活
活着,Namárië,2013-10-18,50.0,余华的笔法是残忍而善良的。福贵的命运仿佛神话悲剧一般不可违抗，在旁观者我的视角里不断苦熬着，而作为＂你一生的故事＂中自身的叙述者，他有只是那个灾难时代的普通人一般生活着。末了哼着＂少年去游荡，中年想掘藏，晚年做和尚＂消失在视野中时候，作者又给予读者一丝安慰：活着的意志，是他唯一没被夺走之物。人生对他而言，“窄若手掌又宽若大地”。
活着,D君,2015-04-21,50.0,意外的好读，应该是我读过的国内小说里最好读的，没有之一。读完一直纠结“有必要这么惨吗！”平静下来想想，确实可能这么惨。只能说，还好改革开放了。感谢邓小平。
活着,Scorpio|千寻,2013-08-20,40.0,余华笔下的精彩，是他没有废话。一个人为之一生的跌宕起伏，像是一艘破烂的小船挣扎在狂风暴雨的大海里，但这却是很多年以来中国农民的写照：隐忍。有庆之死让我难过了好一阵，二喜的哭又让我心里一凉，所有的悲剧并不是一个人的命不好，而是让人感受到“活着”本身就是一种力量，你以为是命运选择了你，但你能选择人生态度。
活着,吕抗美,2015-07-21,50.0,有些时候我真想写点这样的文章，看完人家的东西以后你才知道自己写的有多肤浅。
活着,Kevin Lee,2016-05-17,50.0,谁过中国人没有信仰？中国人的信仰就是两个字，活着。
活着,一百七,2014-11-25,50.0,福 。贵
活着,野生的格子菌,2014-10-25,50.0,"to living is luck,but life sucks"
活着,進撃のyuki,2015-01-03,50.0,从凤霞难产而亡开始，眼泪止不住地掉，每每回忆时也免不了眼角的湿润。正如余华在序言中说到的，时间是最好的见证，时间造就了一切：苦难、喜悦、悲惨等。也是时间让我们看到魔力，看到活着的魔力。
活着,Urban_Solitude,2013-10-09,,（其实看的是这一版）余华在序里说，外人看起来是悲剧，可当事人只拿它当一段人生。突然理解了孟京辉选黄渤做主角的用意，当真是绝妙的一笔。在甘南的这一路读完，尤其是在桑科的那一晚，读一会儿便抬头望望藏民，或埋头熬茶，或无声诵经，或扯着裤子站在自家草场上发呆，或招揽过往游人夸耀着手上这匹老马。No judgement. It's just life.
活着,[已注销],2015-10-19,50.0,好几次都想合上不看了，可还是整本读下来了。福贵是麻木的，也是乐观的。文字很质朴，就是太疼了。。
活着,七盐阿宝2,2014-10-12,50.0,一打开就一定要看完才睡！
活着,晓榕,2015-04-19,50.0,人是为活着而活着，而不是为了活着之外的任何事情而活着。
活着,-路人君-,2014-10-22,40.0,正如作者自己所言，只有从第一人称的来写才不可以悲惨。只有自己才能让生活充满期待。
活着,有阴影的才有光,2016-05-01,50.0,小说不长，三个小时就翻完了。然而中间眼睛湿了好几回：儿子被抽血过多去世，女儿产房大出血去世，妻子去世。都在同一家医院。女婿被石粘板夹死，外甥被豆子噎死。见过生命太多的苦难，而最大的苦便是在亲手埋葬了亲人之后一个人活着。
活着,受刑的堕天使,2015-01-15,,得去找部爆米花片子缓解一下- -
活着,凌小八,2016-06-22,40.0,当过败家的二世祖，娶过城里的富小姐，气死了爹，病死了娘，最后妻子儿女女婿孙子全都没了，以这样平铺直叙的方式简单直白的说完了“福贵”的一生，除了一声叹息，两滴同情的热泪，我好像也想不出有什么办法可以挽救他的每一次悲剧。有些是天灾，有些是人祸，有些是命中注定，那个年代好像总有太多自己无法决定的命运。最终他说：“人是为了活着本身而活着的，而不是为了活着之外的任何事物而活着”，送走了全家老小，在妻儿的墓旁为自己留着方寸土地，在枕头下留着给收尸人准备的酬金，放下一切，淡然的与一头老牛相伴，似乎已是极好却也真的是无可奈何的生活。
活着,缺德梅,2015-05-05,40.0,许三观是守得云开见月明，而福贵身边人却全都死光了，只剩下身边一头老牛陪伴着，中国二十世纪的社会变迁导致的惨淡农村生活全都浓缩进了这部小书里，福贵倒是很坚韧，在苦难面前的阿Q精神反而让他带着种乐观，只是不知道身边这么多亲人死去赢来这样一种态度到底值得不值得，这份活着实在是太沉重。然而再沉重读起来都是流畅、快速的，简洁又生动固然不错，但余华是在塑造一种力量，这样却最终导致了力度的欠缺。而且为苦难而苦难的矫情看的有点难受——也许是因为对福贵一家产生了同情，或者更让人难受的是我们认为他是可悲的然而他自己却不这么认为。下次如果我再看许三观，看到他的“幸运”，估计会更加感慨万千吧。
活着,烧賣,2016-06-01,50.0,黑发人送白发人 白发人送黑发人 白发人送白发人 救一头牛为你送终
活着,Neski.,2013-08-11,50.0,这本书太冷静，叙述和文笔太朴素，以至于当悲剧和死亡接踵而至我捧着书都有点喘不过气。人总需要勇敢生存，福贵身上那种意志，让人感受到活着的力量。
活着,Jason,2014-11-21,50.0,只说缺点，对忍耐式的美德的近乎病态的呈现和歌颂，在智德视角上的缺失是中国作家乃至是中国思想家的通病，日本人在这方面要比我们早早醒悟许久。
活着,玉梨花落,2015-08-26,40.0,开头说到，有些老人对自己的过去说不上来，年轻人就骂他们：一大把年纪活到狗身上去了。说富贵和别的人不一样，他能够记得并讲述自己的一生，而且带着反思的光芒。是的，很多老人活了很久根本还像出生时一样无知，人生经验在她们呢根本就是零，没有思考没有经历因此也有没有经验可谈，没有经验积累，活了多少年都是一样，他们只是生活可以自理的傻子，对于疼痛也就不那么尖锐。
活着,陈小奈,2015-10-05,30.0,感觉读序言比正文收获多，他知道自己想写什么，也知道写成什么样是好的，但却没写出来
活着,王建国,2013-04-20,,老觉得这只是个小说介绍...真正丰满的故事还没开始...
活着,谁,2016-05-31,50.0,初中读只觉得这人可真惨全家死光光，现在再看便觉得鲁迅说的对，真的勇士敢于直面惨淡的人生。面对不可预知的未来和没有尽头的苦难，活着便是最大的勇气。哈利波特里罗琳总是把代表勇气的格兰芬多放在最重要的位置上，当时认为幼稚，比起虚无缥缈的勇气，明明野心和智慧在真实世界才是真正有用的。看了罗琳自身的遭遇才明白为什么勇气对她来说如此意义重大，对我又何尝不是呢，只不过做学生时没有经历便意识不到罢了。
活着,纯情少年李八唧,2015-06-12,50.0,二喜和苦根的死有点刻意。电影版的结尾比较正常。
活着,油炸狮子头,2015-11-20,40.0,用了三天时间就看完了拖了若干年都没看的经典，不知道是这几年看的书太多了，还是历经沧桑世事，总之并没有想象中的震撼和惊喜。我们对于书，对于经典的际会相逢也得讲究个时间和契机，相遇的太早是囫囵吞枣，相遇的太晚已经是波澜不惊。
活着,谢谢你们的鱼,2012-11-09,40.0,小说没有电影出色，余华的故事很好，但是讲得太流水账。
活着,巨米雨,2016-03-19,,无法评说，难受
活着,芭蕉上人,2016-03-05,50.0,全文没有一个好词好句依然能让人泪流满面，情不是靠煽的。这次重读，依旧是那个熟悉的配方，熟悉的味道，熟悉的感动。这本书才能真正称得上是虐心流。如果一定要鸡蛋里面挑骨头的话，最后苦根的结局写得不及前面诸人“完美”，只能说是“精彩”。最后，这个版本我很讨厌，最后有六七页摘录大量外媒对这本书的赞誉，这有多不自信才来搞这个附录！
活着,Tiramisu豚,2015-11-29,40.0,人的最基本愿望就是“活着”（survive）其次才是“生活”（live）
活着,马里安巴,2013-02-19,50.0,平安，富贵。每当阅读有关那段历史的书籍时，总有强烈的感觉人民币上的那个家伙真是二十世纪最大的一个混蛋。
活着,sycamoretrees,2015-11-18,50.0,传闻说“原著比电影惨” 指的大概是死的人更多吧 总归还是读了 电影结尾保留了一份充满未来的美好 原著的美好 只在于福贵往后的人生可以无所畏惧 毕竟还有什么能够比“等死”还轻松呢？上一次读书掉泪还是《我们三》 读《活着》简直哭的无法继续…
活着,恰妮斯虫,2017-08-02,50.0,“伟大”这个词在这本书面前也显得渺小。
活着,天干物燥王面面,2015-01-04,50.0,在寒冷冬天烧得暖烘烘的大巴车内读完，抬眼是多伦多高耸的楼群。历史沧桑而历史中的人可爱又可恨。后来姥姥给我讲她的少年时期：当地显赫的地主家庭，在农历八月十五仓皇地撇下家产逃走，姥姥的妈妈在逃亡的最后一晚还心惊胆战地在田地里收割。后来成绩优秀的姥姥报考初中，却因为家庭背景而无法继续读书。又说到十年文化灾难，姥姥说，你根本想象不到那时候死了多少人。
活着,白宇,2013-04-16,50.0,真实自有万钧之力~这是一本让人看完会无言沉默良久的书，看到165页家珍死的时候自个儿在马路边就hold不住眼泪了，风一吹还挺凉的，你说这是一个悲剧吧，其实也不是，说是命运的诅咒吧，其实也没那么绝望，应该说是属于一段时代和历史的正剧，人间正剧是沧桑。。。余华没有刻意去渲染悲喜情绪，不动声色的讲述反而很有代入感
活着,自由以太,2016-12-31,50.0,太惨了，建议所有中国官员都读三遍，然后再想想自己应该怎么做官。
活着,布兰登君,2013-05-22,50.0,近代农民的苦难集
活着,山今乌冬,2013-08-06,50.0,看完后竟在心中产生了要好好活着看世界的想法。
活着,三点。,2015-12-14,50.0,一本好书就是看的过程中不断想，我为什么才开始看。太多想流泪的地方，到最后有一些伤感，有一些庆幸，也有一些平静。电影是断然不敢看的，觉得该是从头哭到尾吧。其实很喜欢序里的一句话：作家的使命不是发泄，不是控诉或者揭露。他应该向人们展示高尚。这里所说的高尚不是那种单纯的美好，而是对一切事物理解之后的超然，对善与恶一视同仁，用同情的目光看待世界，以及，他是那种能够看到自己过去模样的人，他可以准确地看到自己年轻时走路的姿态，甚至可以看到自己是如何衰老的
活着,Ashely,2014-04-19,40.0,这是一部残酷的人生史和中国近代史
活着,大大大蘑菇,2016-02-10,40.0,广州飞曼谷的飞机上读完的，福贵啊福贵多么讽刺一名字。
活着,安德烈大叔,2016-10-04,40.0,不觉得极端，只不过国人的悲苦现在以另外一种方式持续着
活着,睡觉是头等大事,2013-06-14,50.0,大环境，太残酷，个人太渺小。命也。。。
活着,StevenSuen燚,2014-09-14,50.0,"""沉浮如光，唯有夕阳斜"""
活着,[已注销],2014-01-27,50.0,比电影版好看，这一家人是幸福的
活着,喜乐,2017-01-17,30.0,作者的文学素养不必多说，只是写作形式今天看来属于“中学生必读书籍之一”的范畴样式。看完以后，脑子里只有一个画面，夕阳西下黄昏时刻，一间小茅屋被群山围绕，远处的田地里若隐若现的有几只牛羊甩着尾巴吃着青草，时不时还有几只小鸟叽叽喳喳的飞过，人却不见一个。还是《兄弟》贴合现在这个疯狂的世界。
活着,小米=qdmimi,2015-10-21,,新版，复习了一下，居然还是差一点掉下泪来……
活着,鲲生鹏,2016-09-20,50.0,从旁观者来看，富贵太惨了，埋了爹，两个儿女，老婆，女婿，外孙，娘死时也没见着一面。但是富贵老婆死时却说：我也知足了，下辈子还嫁你。想来富贵也是有不少幸福的，只是被我们忽视了
活着,段小七,2016-04-20,30.0,阅读余华的第一个长篇《活着》。必须说，不是喜欢。
活着,刘教练,2016-06-20,40.0,太惨了，我有点接受不了
活着,雁城,2013-03-16,40.0,活着和生存确实是两种概念。之前看到一篇议论文，谈中国人习惯性的丢脸，在文革时期更是丢惯了脸，有些人不堪忍受而自杀，有些人活下来，末了用的词，苟活。我却觉得看了不舒服，读了《活着》之后更看这观点不顺眼。环境坏了，非得鱼死网破用命来拼？夸耀为改变而死的人固然好，何必贬低那些无从选择的弱小存在？这种评判他人的价值观念明显出了问题。用死来成全，和所谓苟活来比，我不知道哪一种更懦弱。但我却从这个无用的苦难的农民身上，看到了所谓苟活背后的民族的乐观和血性。他们嚼下苦草，还能笑——这不是贱，不仅仅是生存，而是极不容易的“活着”。
活着,七毛,2015-08-24,50.0,一气呵成。
活着,锦翼,2013-06-17,50.0,余华还能写出这样的书吗
活着,[已注销],2014-06-02,50.0,从前我看不起小说，觉得读小说无用，现在看来，有的小说反而能比其他文学作品更加深沉且有力量。
活着,流徵,2013-09-13,30.0,从上世纪中国变迁镜像的方面，反射出的范围很狭窄（宥于主人公是一个无知的农民，世界自然非黑即白）当然那些各种外语译本的读者看了之后自然以为自己已经借着一个农民之眼透彻地了解中国了。一开篇就抱着赚眼泪的目的使着赚眼泪的路数实在没法不反感。压迫不止，何碍？只要生命犹存。若非我误解，简直是倒退性的思想。依然欣赏余华极有掌控力而洗练的文字。
活着,苏乐,2015-07-16,40.0,“写人对苦难的承受能力，对世界的乐观态度...人是为活着本身而活着...”相比之下，我更喜欢《许三观》 读上去更为畅快 有风格
活着,咖啡燕,2014-12-23,30.0,不断怀疑自己是不是错买了盗版，盛名之下却是这样平淡。也许符合了外国人的期望吧。
活着,李苦瓜,2014-03-02,50.0,一晚看完，一气呵成。之前看过电影，电影也拍得好，各有各的长处。
活着,白胖饺子,2018-12-08,30.0,"再悲天悯人的情怀，也经不住接连不断地展示苦难。看多了之后觉得更像是一种引发共情的写作技巧。
书写苦难毕竟不是目的，抛开故事背景的话，有种看台湾苦情戏之感。尤其是看了作者的系列之后。"
活着,日初印象,2015-12-09,50.0,一个悲剧接着一个悲剧 连在了一起就是一部史诗
活着,电动小伙,2016-10-17,50.0,后天要讲课 标一下以示诚意
活着,月半达,2013-08-19,,人生在世，有些许阿Q精神也是好的，最起码在无法阻止的悲剧发生时，在最强烈的悲痛袭击时，能安慰自己，这一切都会过去，只要活着，生活就会更好，能让我们感觉到，也许生活并不是这么苦痛。
活着,史太,2015-12-20,50.0,四个版本的活着我都读过。高三第一次读（红本），大一又读（苗老师借旧本），大三再读（黑本），大四再读（蓝本）。每一次都是一个故事。几个版本都送人过。
活着,既望,2017-09-05,50.0,小说如同作者对威廉福克纳的评价——“将现实放到了历史和人文精神之中”。历史洪流中的个体如同草芥。活着，就是个体对历史最卑微的回应。
活着,伯觉,2016-07-02,50.0,好书是什么？一口气不带喘的读完，就是。
活着,咩绝师太,2014-06-24,50.0,今年读得最快的一本书。这本书里有这样一句话我回味了很久，仍然很有意思：“人是为活着本身而活着的，而不是为了活着之外的任何事物所活着。”
活着,颿,2016-06-29,40.0,这本书应该叫活着的都去死。
活着,胖达叔,2016-07-22,40.0,一边带娃，一边刷kindle，看过电影，知道人生的艰难
活着,余馆长,2016-03-30,40.0,人是为活着本身而活着的，而不是为了活着之外的任何事物所活着。生活是属于每个人自己的感受，不属于任何别人的看法。
活着,京极秋彦,2013-05-26,40.0,某些悲剧太刻意了
活着,没有回复,2017-12-04,50.0,尼采抱着马哭，福贵把快死的老牛从屠夫手里买下来。一个存在主义的点睛之笔。
活着,Melve沙,2014-05-14,,下午看不下去书翻完了，太多的画面涌来，可能被媒体过度解读了，倒是感触不大~~~~
活着,Nosferatu,2014-06-29,50.0,最爱的中国小说
活着,行板,2012-12-10,40.0,写的好，故事也很好看，但也很适用前几天看到的对某电影的评论：描述苦难。这个故事也是，除了描述苦难别的它什么也没有多说了。
活着,有米,2016-05-02,50.0,生活意志的胜利，感人而不伤感。冷漠的口吻叙述了中国动荡而多变的时代和富贵侥幸又苦难的人生，通过周围人一个个死去，彰显了底层小人物各自难逃的命运。最后富贵与牛的故事，作者以一贯平淡地文笔，描述主人公平凡地活着，竟能催人泪下。
活着,一切归零,2013-08-10,40.0,没第一次读惊艳，但还是比第七天强百倍，看到家珍的段落还是哭了两次。可以看得到些许想象贫乏的迹象，只是后来变本加厉了。
活着,正则灵均,2016-08-15,50.0,与老谋子电影的差异：1. 有庆是给春生夫人献血死的，而不是被撞死。2. 女婿的残疾位置有差异。3. 女婿和外孙的死被电影省略掉了。
活着,喂喂喂,2019-03-27,40.0,这是什么天煞孤星的命？？
活着,杰森⭐阵亡形态,2013-12-07,50.0,活着是全人类的共同存在状态
活着,impressK,2015-05-20,40.0,作者把每一次动荡的后遗症像切蛋糕一样分派到人，福贵既是记叙的符号，又是意志的符号，当整篇文章快要以戏剧化的麻木惯性收尾，突然寥寥几笔黄昏到黑夜。我是见过农村的黄昏与黑夜的，西晒只剩下霞光作势，暑气渐去，田垄间的穗子和渠水和竹叶一样的摆动，还有身后的炊烟，一时间四处俱是轻微的沙沙细响，身和心却超脱般地静止了，然后就进入了黑夜。农村的黑夜并不让人恐慌，仿佛万事万物都被土地的湿气裹挟了，赐人几分熏熏然的忘性，在这样厚重的黑色里，苦乐悲喜都隐绰不明，伸出手去，像拥有一切，时间与空间，过去与现在，回忆与希冀。
活着,松萝,2018-11-23,50.0,评论的语言是苍白的。活着，却仅仅是为了活着，命若游丝力坠千斤而不断，但这是福贵一个人的活着，其他人像蒲公英，被风一吹，就散了。最同情的是有庆，多可爱的孩子。
活着,李厂长🀄️,2018-01-04,40.0,合上书，心塞。
活着,忍冬 .,2015-12-19,50.0,一天看完的，掉了三次眼泪。活着，两个字，一个故事。是命太硬吧，身边的人一个个都没了。最后一个人，也要活着，活下去。看了心里很梗，头痛了一天，看完了，该睡了，每一天都好好活着。
活着,加菓,2017-12-30,40.0,富贵真是个克星阿！
活着,墨染,2016-07-21,50.0,"一个人的一生，一个国家的几十年。
主人公的一生都在经历着国家的变革，一个人便是国家的缩影"
活着,jfgjjj,2018-01-23,40.0,当你的生活很艰难，能活下去也是一种勇敢，只希望我们都能开心快乐的生活下去
活着,风流剑客黄药师,2016-01-13,50.0,哭晕过去了
活着,呵呵好吗,2014-10-27,50.0,好哀伤
活着,苏先生,2018-05-27,50.0,十年前读了一次，十年后又读了一遍，这一次读的不是书里的故事了，这一次读的是作家了，余华骨子里是个小孩子，天真调皮捣蛋又坏，他自己足够有趣，小说才丰富丰盈，层次分明。
挪威的森林,苏豆芽,2010-06-01,50.0,高中，果断是高中，后来不知道被谁在班里传来传去，还背负了看黄书的骂名！
挪威的森林,你看起来很美味,2012-06-02,30.0,想给两分我觉得不好意思，这本书盛名在外。不是我想标新立异。是我真的不知道怎么去理解，一个男人可以同时爱两个女人。而且我并没有觉得这本小说是多有吸引力，我是一次一次无聊才看完的。而且你少点性的描写会死么。完了。
挪威的森林,九只苍蝇撞墙,2014-09-01,40.0,弥漫着极不健康的自我欣赏和自我怜悯情绪的男性意淫文字，极大误导了青春期男生让他们对女性充满了错误的印象。庆幸的是我只是在青春期的末尾读了几遍，即享受了意淫的快感又及时掰正了扭曲的认知。
挪威的森林,Levin Lee,2013-04-24,40.0,《论同时与犬型女和猫型女交往的危害性》/《工口游戏剧本入门》
挪威的森林,shu,2008-06-18,50.0,死并非生的对立面，而作为生的一部分永存
挪威的森林,我不是盆栽啊,2010-12-14,40.0,小时候我妈非要让我看，我含糊其辞说不看了，是因为之前我已经偷偷专门翻阅过黄色内容了……长大了再看，看懂了那黄色内容背后的绝望和孤独。人心多么空旷而恐怖。你在我身边也好，不在也好，我的孤独是与他人无关的。
挪威的森林,伯爵在城堡,2012-04-21,30.0,村上春树的成名作。个人认为一般，只对小林绿一个角色印象深刻。再次证明，读书不能人云亦云。
挪威的森林,六十六个猴,2011-12-18,30.0,对不起，那时年少不懂事，当黄书看的。
挪威的森林,吵,2013-03-13,40.0,看到你们都有病，我的心里好受多了...
挪威的森林,大魔王ღ,2006-03-16,40.0,挪威没有森林，好像重庆没有森林一样
挪威的森林,Morning,2010-12-15,40.0,是谁给了我这本书 ，让我明白孤独。
挪威的森林,崇子,2007-12-13,20.0,不是很喜欢，我讨厌这种不疼不痒的书
挪威的森林,汪三三摇尾成风,2011-12-11,,某人结婚的时候我问M，如果送一本挪威的森林会不会很过分。M说过分了。于是我淘宝了一对草泥马送去了。
挪威的森林,罗姽,2012-12-16,50.0,二十多岁时，曾经是骨灰级村上粉丝，几乎看遍了他所有的长篇，看得懂的，看不懂的，都看了。村上的人生观似乎是两元的，他在好几部小说里都给出了这种两元选择。比如这本，直子代表悲观，虚无，灰暗的人生。绿子代表乐观，坚强，积极向上的人生。多数人可能会肯定后者，否定前者。但是村上没有，作为一个高明的作者，他只是呈现，并不评价，只是描写，并不判断。因为他知道，世界是多元的，人性是复杂的，阳光背后有阴影，是非之间并无绝对的界限。
挪威的森林,动机在杭州,2012-02-04,40.0,我觉得，春上的忧伤就是平静地叙述本该嚎啕大哭的事。
挪威的森林,鬼 鬼 ™,2013-12-24,40.0,重读一遍的心境完全不同，有隐忍的痛苦，“哪里会有人喜欢孤独，不过是不喜欢失望”，相比上学时期可能现在看来感触更深，总有人逼迫你成长，任何事情也总要有代价。
挪威的森林,公元1874,2011-07-25,30.0,一个时代的经典，但也只属于那个时代
挪威的森林,桃兜兜,2011-11-28,,= =……我真的很无奈  搞不懂它为何如此受热捧  或许本身的翻译问题  很多句子颠来倒去  看得很头疼
挪威的森林,小岩井,2011-10-09,50.0,读完之后淡淡的忧伤 让我吐一会儿
挪威的森林,王大根,2011-08-23,50.0,可惜我不懂村上春树。
挪威的森林,桃鸢有只小绵羊,2011-02-04,40.0,每个人都有属于自己的一片森林，也许我们 从来不曾去过，但它一直在那里，总会在那里。迷失的人迷失了，相逢的人会再相逢。
挪威的森林,土呆,2010-07-24,30.0,我不知道人们喜欢它什么？
挪威的森林,米粒,2012-09-27,50.0,真的是很喜欢。“失去爱人的伤痛是永远无法平息的”，有些事情似乎只有靠死亡才能画上句号。其实电影版也没有太差啦。
挪威的森林,IRON NECK,2011-10-07,,念初中时老妈陪我去买的。后来书被我送给同班一个女生了，后来一琢磨其实不如送部毛片儿来得实在。
挪威的森林,眠去,2007-02-10,40.0,死不是生的对立面，而是作为生的一部分永存。
挪威的森林,盼,2010-11-19,40.0,淡淡的 说实话 我对那山里的医院印象比较深
挪威的森林,原来是西门大嫂,2008-01-30,50.0,木月已死 往事烧纸
挪威的森林,小意达,2008-11-18,30.0,怎么看我都对它没感觉。
挪威的森林,虚弱橙,2011-10-22,40.0,"“总以为应该在18岁与19岁之间徘徊才是。18之后是19,19之前是18——如此固然明白。但她终究20岁了，到秋天我也将20岁，惟有死者永远17”。"
挪威的森林,Yu-chia,2009-03-16,,垃圾
挪威的森林,孤舟蓑笠翁,2013-05-08,10.0,"”一群大叔大爷在读书时想着学生妹水手服下湿漉漉的胸罩“ 
挪威的森林就是形成了这么个效果
你告诉我村上春树从不#消费女性#
#呵呵#之后水木丁阁下删了我回复然后拉黑了我
棒~不愧是新锐炒作写手~"
挪威的森林,普通美,2009-09-12,10.0,没有原因 我就是喜欢不起来
挪威的森林,爆炒雀雀肉🌈,2009-10-06,20.0,我不愿承认自己看过这么烂的书
挪威的森林,anpopo,2011-08-26,50.0,大学里看到一半就搁下了，今天忽又拾起，竟然一口气从头读到尾。以前随便翻过去的地方现在都看懂了，冲动的想哭，同时又觉得快乐。这是多么真诚的一本书啊。
挪威的森林,寂地,2006-01-01,30.0,我最喜欢里面的绿子
挪威的森林,勤劳de小懒熊,2015-12-15,50.0,挺喜欢~我也已经接近37的时候才第一翻这书，想想如果是20岁读会是一种什么心境~村上实在太热门，唯一没有读过他理由，只能说不看没有死去30年作者的书~
挪威的森林,释凡,2008-01-11,50.0,讲述一个生理缺陷女性悲哀，并通过青春爱情，讲述年轻人性的迷茫
挪威的森林,[已注销],2013-05-21,50.0,"挪威的森林就是诠释“现代性”的。 
那种无处不在，无迹可寻的孤寂。不仅仅在世外桃源般的疗养院，也在热闹喧嚣的大学校园。人和人，那么近，心却那么远。这部书的氛围很到位，有些意识流的味道。不过更吸引我的是人物。现代性和人性的矛盾是不可调和。 绿子坚强直接，可以快乐。永泽呢一早看透人生的虚无，却以异常努力和怀疑的态度面对生命. 在这个竞争异常激烈的年代，他早已明白所谓的“硬球精神” 是不是温暖，关怀，感动这些软弱的东西都必须消失呢？当然他会成功，可这是不是唯一的办法。你只有玩世不恭，游戏人生，拜金主义，弱肉强食。。 都是不好的词，可也强过小资的矫情吗，他一早已失去生命的温度和信任，要知道 他的世界其实是不接纳别人的，即使美好如初美。"
挪威的森林,好姑娘老妖,2012-04-24,40.0,村上的书就看过了这么一本，看来我离文艺小青年的标准还有很远。青春的感觉，只是可惜，我们的青春过于单调和无聊。
挪威的森林,白小茉,2013-01-27,50.0,比村上春树其他的书好多了，心口像被闷声锤了一下。大学时怎么就读不下去呢，可能也只有现在才能读懂。
挪威的森林,猫语猫寻,2009-11-25,40.0,这部开始喜欢上村上春树！
挪威的森林,[已注销],2014-12-22,50.0,玲子到底是不是同性恋？？
挪威的森林,巨米雨,2016-06-12,40.0,果然好的日本小说的味道都差不多，不是说千篇一律，而是反映出来的内在精神确实是有相似之处，会想到川端康成会想到太宰治还应该有夏目簌石，另外在在疗养院的那一段不可能不想到托马斯曼的魔山，这样自我寻找孤独存在于世的小说，都总是这样。唯一没想到的是，居然就这样不知不觉的读完了，有点能体验到主人公那种不断寻找不断失去的伤感。（P44）‘他是背负着他自己的地狱过日子的。’
挪威的森林,潜意识,2007-10-22,50.0,看了八遍还想看，每次会有不同的感觉，依然悲伤。
挪威的森林,闲闲圈四号,2009-03-03,,第一本，并且对作者再不好奇......虽然之后又看过，初中小朋友有看没有懂的要
挪威的森林,Vamei,2012-11-30,30.0,说实话，当时没有怎么看懂。不过第一次看拉拉描写，挺开眼界。
挪威的森林,堂本琥珀去霓虹,2011-11-28,40.0,"性并非爱的对立面,而作为爱的一部分永存"
挪威的森林,苏耽鹤,2009-12-22,50.0,从十六岁到二十五岁，我曾反复读过四十遍。这本书已成为我心灵的一部分。（2018年3月22日追记）
挪威的森林,小小鱼,2013-04-15,30.0,很好看么？别喷我，我觉得挺装逼的。
挪威的森林,NO,2012-01-15,50.0,我在海滩边阅读了此书的大部分。读的时候想起10月中旬参加译者林少华的讲座，他温婉儒雅的性格和对孤独悠扬的诠释，值得回味。村上的心理描写读来非常享受，使我内在的孤独属性得以浮出水面自由呼吸，这样也很好。人生不必总是阳光、积极、努力，虚无地、安静地度日也是种独特的节奏。关于性的描写我就……不那么能接受了，还需要时间和经历才能理解吧。总之，一本淡淡的 宁静的 自然的 书，谢谢林少华和村上。（在四星与五星之间犹豫，想想还是五星吧，毕竟有对心灵真的触动）
挪威的森林,dyalikedags,2013-05-19,20.0,:((
挪威的森林,蛇,2009-11-25,30.0,"初中时看的时候,总印象就是有黄色的语言,"
挪威的森林,Aki,2009-09-22,,其实我看的是日文原版。。。
挪威的森林,7酱™,2012-02-16,40.0,上学的时候跟风看的，大概因为我本人不是太理智就是太感性，感觉不深刻。听说要中年了再看，有空可以叙个旧。
挪威的森林,小波福娃,2007-09-08,40.0,其实类似主题的小说很多，但我非常喜欢这本。又，第一次读的时候才初二。
挪威的森林,TimberNord,2016-01-06,30.0,初中时代の情色文学纾解。：）
挪威的森林,Callixta,2010-07-24,40.0,性教育启蒙。笑
挪威的森林,音雀斯町,2012-11-25,50.0,不知看了多少遍 无法用语言形容对此书的喜爱。忘不了两句话：不要同情自己 同情自己是卑劣懦夫干的勾当。哪里会有人喜欢孤独，不过是不喜欢失望。
挪威的森林,容安,2008-03-21,50.0,读了很多次。继续读
挪威的森林,福根儿,2018-06-11,40.0,献给许许多多的忌日
挪威的森林,北欧以北,2008-01-09,,"你来过真正的挪威森林吗,它很美"
挪威的森林,林隐,2008-05-30,10.0,"高中时同学借我看的。
不喜欢这种矫情腻味的风格。"
挪威的森林,大萌,2019-01-29,50.0,这一本是畅销书，名气最大，可也是最不像“村上”的一本。有些人觉得是黄书，我觉得还好，不必遮遮掩掩，“直白的描写反而没有腥味”。青春期的时候反反复复读了好多遍，随手拿起来都可以顺畅的读下去，后来也看了英文版，英文翻译剔除了很多形容词，比较简洁。这些人物里太喜欢绿子了，喜欢她活泼而有生命力。
挪威的森林,读书你鹏哥,2005-11-03,50.0,"我总感觉这本书最大的贡献是把人生音乐化了,在其中的人生旋律和音乐完美的契合,直子和渡边的散步都那么美丽,我时刻把这本书带在身边,平时会一遍一遍的翻,我落在别人和自己的人生中!"
挪威的森林,冷杉,2010-03-20,50.0,"60年代：the beatles不用说了, 那片草坪明显是woodstock啊, 左派政治运动，性解放……永泽、渡边和木月都是一个人，直子、绿子和玲子也是一个人"
挪威的森林,SongSongSong,2010-06-23,50.0,总是想表达点什么，却找不到可以承载的东西。村上春树便是忧郁症间歇性患者最好的依靠。
挪威的森林,石头,2010-03-26,,时间可以给记忆里的东西施以魔法，而现实总不免一一打破神话。一个人念兹在兹的未必是最好的，但如果我对其加以否认，那我不是在否认我自己又是在做什么呢？
挪威的森林,A,2017-10-09,50.0,之前每次提起自己为什么不看日本小说，都会用这部读了无数次都读不下去的村上做例子。后来才发现，是读的时候太年轻了
挪威的森林,不要叫我大王,2007-12-14,,抱歉，我至今未读出其中的深奥哲理
挪威的森林,一凹,2014-01-21,50.0,渡边的比喻用得真好。
挪威的森林,酱油郎独占花魁,2007-07-13,50.0,适合平台期读，且读且颓废，上进者不宜
挪威的森林,Esther*,2010-10-11,40.0,好吧恕我愚昧無知讀不出文學名著的味道出來...說是著名的尺度大情色描寫多嘛...其實我覺得還好...陪伴我從出國前，飛機上，還有在國外的許多時光...一個陽光燦爛的禮拜天早上，我醒后不想起來，於是在床上把整本讀完了...其實一本看下來還是好的...但我困惑最後玲子和渡邊的交歡究竟是爲什麽...
挪威的森林,已注销,2012-03-23,40.0,村上总有让我一头雾水的功力……关于人物行为的逻辑……关于生与死的东西，无法理解…四星给那些打动我的边边角角。
挪威的森林,jian,2011-10-29,40.0,2015-06重读，转眼十多年过去了。就像三岛说的，认识到人生不值得活着很容易，而要使那些多少具有敏感的人认识到人生并非没有价值反而是困难的。我一直觉得清醒着面对苦痛的姿态一样有种震撼人心的力量和美(所以你是不会明白绿子这样的女孩子的...再见。
挪威的森林,碧落亦然,2008-04-27,30.0,不要迷失在湿漉漉、黑漆漆的森林里……初中时候第一次看的，有点被那种氤氲的气氛给吓住了，在此之前很少有书能带来这样的灰霾色的阅读感受。姐姐认为我那个时候读还太小读不懂其中的感受，但我最能感觉到的，就是年轻人的那种骨子里的对爱的依恋和无法探究清楚的情绪……
挪威的森林,NullPointer,2009-08-31,40.0,在夏天，断断续续的看了一个月。
挪威的森林,猪大勇,2012-08-29,30.0,我真的不适合看小说
挪威的森林,桃涩桃涩,2006-06-01,30.0,我不喜欢
挪威的森林,游民王阿牛,2008-08-01,,喜欢的人会很喜欢，相逢的人会再相逢
挪威的森林,小亚,2011-06-04,30.0,说实话真的没看出哪儿独特了
挪威的森林,水管工陳帥傅💊,2014-10-06,40.0,看起来写的都是琐事，其实仔细阅读发现不繁琐啊。
挪威的森林,azurebleu,2009-10-18,50.0,"这本书让我想起十七岁高一的日子 
　　无忧无虑地度日如年... 
　　一展眼五年过去了 
　　而我好像还是一点也没能长大 
　　挪威的森林里，在北半球的冷晴中落叶下的青苔是否也能呼吸到一丝阳光呢？可是谁在乎呢……
　　永远记得直子说过：从前我是这样活过来的，往后"
挪威的森林,大甜甜~~,2009-02-05,30.0,我诚实地说，没能共鸣起来
挪威的森林,陆小包,2009-11-20,20.0,一点都不黄，真扫兴。
挪威的森林,詹姆斯蝦殼。,2011-09-07,50.0,๏̯͡๏﴿都喜歡EX。
挪威的森林,從來不是你。,2009-01-31,50.0,我喜歡村上的文字.
挪威的森林,好运啾,2012-11-03,50.0,这本很喜欢，所以给了五星
挪威的森林,伊谢尔伦的风,2007-03-14,30.0,十四岁看的，或许太早了一点。不过也罢。
挪威的森林,吃西瓜放糖,2016-05-29,40.0,青春回忆录，恋爱，孤独。死并非生的对立面，而作为生的一部分永存。我不情愿被某种东西束缚住。哪里会有人喜欢孤独，不过是不喜欢失望。
挪威的森林,[已注销],2011-11-07,30.0,这是我第一本看完扔掉的书 那年我读初中一年级
挪威的森林,五五,2013-05-12,40.0,pms时只想看本真正的言情小说于是又看了一遍，现在看到的村上和20岁之前看到的并不一样，但我居然更喜欢直子了，是一种对真正的病人和真正的死者的真正的喜爱
挪威的森林,Pan小月,2007-08-15,40.0,从这本书开始熟悉村上
挪威的森林,李扯火,2006-04-02,50.0,我喜欢这本小说，看了N遍也不厌倦。我喜欢它的原因是，它描述了一种生活方式，这种生活方式非常适合我这种性格孤僻的人。村上说这是本现实主义小说，我极其认同，我曾沉迷其中，不愿自拔，获得过无限的安慰。后来我发现，透过对绿子的喜爱，恍然发觉我骨子里的不是悲观，而是乐观
挪威的森林,品客,2007-05-20,40.0,"小时候看的,看得我很无语."
挪威的森林,洛克人,2014-06-03,50.0,看这书的三天都是头脑昏昏沉沉周身无力，青春期不是早该过去了吗？
挪威的森林,鸟儿,2013-05-07,50.0,他们都是活得特别“真”的人，所以他们是大多数里的异数。
挪威的森林,C。,2010-03-21,50.0,经典
挪威的森林,Ray,2017-07-03,50.0,旧书不能整理，一坐下就是一段似水流年。
挪威的森林,发财葵吉庆有余,2018-09-27,30.0,感受真的没那么深刻
挪威的森林,小丸子,2011-12-24,30.0,高中读到的村上第一本书，那时境界较低，只看着书中的H了~
百年孤独,秋里,2012-01-16,50.0,每个人都是孤独地出生，在这世间恍惚几十年并不漫长的日子转眼就远去了，然后再孤独地死去。 生命注定是个悲剧，因为我们从没有融入世界，世界永远是身外之物。如果有幸，能在茫茫人海寻得一个身体与灵魂都与自己万分契合的人，与之存在一种可以称之为爱情的联系，然后一起承受生命中不可逃离不可消除的深沉的宿命的孤独。可是这般的幸运艰深难得。有的已失去了爱的能力，有的爱的深沉却无处安放，有的死在这爱里……在所有的爱里，孤独有增无减。  生命只是一场幻梦。
百年孤独,PerfectCadence,2014-06-19,50.0,看第3遍开始越来越让我惊艳的已不是马尔克斯而是译者了。太牛逼了！这样的文字就算是母语创作也属上乘。尤其倒数第二代布恩迪亚在飓风中破译羊皮卷的全书结尾，笔触磅礴，美到让人惊怖。
百年孤独,幽篁,2011-09-26,30.0,为什么我觉得不好看呢？是不是我没文化看不懂啊！
百年孤独,[已注销],2012-08-05,50.0,14年间中文读过5遍以上，英文两遍，被水银泻地般的语言携裹到终章时，内心的激动依然不可抑制。那感觉仿佛是亲手将一件精美而无价的珍宝摔碎在地，带着一种秘密的，幸福的震颤
百年孤独,方方土君,2011-09-11,50.0,开始很吃力，越读越上瘾。 惊人得叙事与潮水版的叙事，野兽般撕开真理得外衣。  原来那句经典的开场白，源自这本书。从四姑娘的第一本书，也就开始了他的抄袭生涯。
百年孤独,[已注销],2014-07-04,50.0,一口气读完但却没有能力评价。
百年孤独,[已注销],2011-07-25,50.0,“奥雷里亚诺，”他悲伤地敲下发报键，“马孔多在下雨。”
百年孤独,空气,2015-10-30,50.0,多年以后，面对 iPhone9，正在发送朋友圈的我将会想起独自一人阅读羊皮卷的那个遥远的夜晚。那时的我坐在书桌前，以几乎不动的姿势一页页的翻阅，眼前的文字在昏暗的灯光下像水一样流过。不可思议的是，沉浸在这由难以承受的痛苦和无法摆脱的孤独构成的故事中时，我竟然涌起了类似于平静恬然的情绪，那是一种比夜晚幽会中疯狂而短暂的快乐更平和深沉的感觉。就好像我知道人终究会老去，但在阳光打到脸上的瞬间，仍然忍不住微笑。
百年孤独,同志亦凡人中文站,2012-05-08,50.0,一个家族百年反复浮现的竟然就那么几个名字，加西亚真的很残酷。一代又一代就像被推上命运轮盘赌后不断开出的绝望点数，以致于在最后血脉断绝的一刻，我们感到的不是同情而是如释重负。然而家族可以终结，孤独却是无视时空的永恒存在。它从洪荒流淌至今，还将延绵万世，就像南美大陆奔腾壮丽的亚马逊河，碾碎一切人事物。
百年孤独,Luffyjun,2012-08-16,50.0,一开始我还为华丽的辞藻，荒诞的情节，冗长的姓氏感到烦躁不堪，但随着故事的深入展开，我才发现我错了。那么繁复的一大家庭，七代人的辉煌与落寞，激情与孤独，坚毅与懒惰，世俗与超脱，疯狂与冷静，就这样蔓延开来……叫人感慨的同时不禁也要叹惜一下，孤独的何止是百年
百年孤独,獅,2012-05-28,40.0,家族谱太混乱，刚看的时候觉得：这么丧尸居然能是名著。看完以后觉得：这么丧尸不是名著太他妈浪费了...
百年孤独,Tennyson,2011-12-05,40.0,我的睡前读物，确实起到了很好的催眠效果，每当我纠缠于这个奥雷利亚诺是哪个奥雷利亚诺的时候就倦意袭来倒头就睡。前半本的时候还勉强能搞清楚他们家的复杂关系，后来就彻底放弃了，我已经不在乎角色之间的关系，就专注于情节好了，WELL，一些隐喻呀之类的还算看明白了。但我真是烦啊……他们家人搞得神奇的过得苦的，特别是乌尔苏拉。
百年孤独,飞行官,2012-03-26,50.0,大学时草草看过，这次是第二遍，顺带自制一张布恩迪亚家族谱。这本书的神奇之处在于，看完像是活了一世纪之久，一个人。
百年孤独,大懒糖,2012-10-21,50.0,费尔南达真他妈烦人
百年孤独,Anrean,2012-06-14,50.0,家族的第一个人被捆在树上，最后一个人正被蚂蚁吃掉。
百年孤独,Gala,2013-05-04,50.0,庆幸是在我22岁的时候读到，没有太晚
百年孤独,丹朱AI🌵,2013-05-03,50.0,回忆没有归路，春天总是一去不返。车窗外瞬间闪过世间万象，如同将一首飞逝的长诗撕成碎片向着遗忘之乡一路抛洒。
百年孤独,Caramel_Grace,2014-05-11,50.0,伟大的小说便是这样，倾注了作者全部的精神和价值重塑一个世界。而人物、情节、文笔、风格不过是帮助组织架构这伟大工程的工具。原来以为会读不下去，但一开页则根本停不下来。翻译也很加分。
百年孤独,李规焉,2013-05-04,50.0,令人恐惧的伟大小说。无法摆脱的孤独与无力，梦想与激情皆成泡影，暴风之中，只剩回忆。
百年孤独,范进不举,2013-02-05,40.0,现在这才算是真正的读过。删了之前的短评却又不知道该写些什么。不过作者应该是很钟意不加糖的咖啡，我看过他的每本书里至少都有一个人有这种嗜好。《百》和《霍》绝对称得上是名著，也是我目前为止看到的唯一的作者还活着的世界级名著。
百年孤独,苦茶,2014-04-28,,看完小说后，并不知道好在哪里，会不会被喷死。
百年孤独,meiya,2012-07-05,40.0,这是流淌着乱伦情结和孤独气质的庞大家族，看完以后你会沉浸在那种风云速变的魔幻之境
百年孤独,冰红深蓝,2016-09-19,50.0,"1.翻译：范晔译本极为流畅精到。2.读后私感：恍若亲历了一个世纪的风霜血雨与精神洗礼，马孔多的一切都显得如此遥远而真切。3.手法：魔幻现实主义，全知上帝视角和口吻，闪前/预叙（""多年以后...""）与穿插回溯，博大的家族史诗格局与不断复沓轮回的人名（奥雷良诺·布恩迪亚与何塞·阿尔卡蒂奥），生动细腻的描写。4.感情：对童年与故土的缅怀，对笔下人物的深切同情，永恒孤独与疏离，情欲的泛滥vs爱情的缺失，拉美酷烈的独裁血泪路与永远遭遮蔽改写的历史，荒诞而无奈的宿命感。5.细节折选：看冰块的下午，飞毯，失眠遗忘症，报丧血流及火药味，小金鱼，糖果小动物，蕾梅黛丝的超凡脱俗，17个儿子额头的灰烬十字，佩特拉·科特斯的性爱与牲畜繁殖，持续4y11m2d的雨，马乌里肖与黄蝴蝶，蚂蚁，羊皮卷预言，飓风刮走的镜城。"
百年孤独,音左,2011-12-12,50.0,翻译的语言非常之美，阅读是一种享受。
百年孤独,熊阿姨,2013-02-11,40.0,“因为一个世纪的牌戏与阅历已经教会她这个家族的历史不过是一系列无可改变的重复，若不是车轴在进程中必不可免地磨损，这旋转的车轮将永远滚动下去。”
百年孤独,魏知超,2015-01-05,50.0,今天是我有生以来最初也是最漫长的一次拖延症发作终于终结的日子：大约二十年前，我打算开始读《百年孤独》，今天终于把它读完了。如果满分五星的话，这本小说应该打十星。以后还有谁跟我说《红楼梦》是古往今来最伟大的小说的，我的回应只有一个字：插死你。
百年孤独,焦先生,2011-11-08,50.0,最大的安静，是在吵闹的世界里，仍然可以听到自己的心跳声。
百年孤独,你的小标点,2012-11-07,50.0,许多年看不下去的书之一，前天晚上忽然翻起，读一百页才舍得睡。昨天在火车上读完。人名没把我弄晕，还是很清楚的。很好看，也许跟什么相遇都讲个时候，这时遇见，对了。印象最深的是何塞·阿尔卡蒂的血穿过门，过客厅，过街，进入家门，绕过地毯和餐桌，通知母亲他的死讯。翻译非常流畅，赞范老师。
百年孤独,夏一慕,2014-10-02,30.0,这该是多么疯狂的一个疯子，写了书，居然被世人所认识。有那么多通俗易懂情感真挚的文字不读，偏偏选了马尔克斯。
百年孤独,技术原因Herta,2011-07-30,40.0,看完全书记得最清楚的一句话是“地球是圆的，就像个橙子”，也许我们所有的研究不过是在证实这个最简单的道理。其实我没读懂这本书，对我来说这注定是一本匆匆扫过然后用来压箱底，唯有等到时间慢慢过去，对孤独的理解更深了，将来某一天拿起来重新阅读的书。你们是真的读懂了吗？除了新奇的魔幻现实主义以外。
百年孤独,Dr.小蝶,2012-08-28,50.0,漫长曲折的历史，却只是那么几个名字，关在一个狭小的镇子里，头追着尾巴打着圈。
百年孤独,大島,2018-03-08,50.0,毫不吃力地读完了全书，但我依然不能完整复述出特尔内拉老公的全名。
百年孤独,渡边。,2012-05-06,50.0,很少用这么久时间读完一本书，不是读不下去，而是舍不得读完。
百年孤独,元婴,2013-01-17,40.0,有一个人的书，看前面三分之一恨不得打死他，看到后面就会越陷越深，这就是马尔克斯。恨不得打死他的原因，就是他的家族式起名法，就像莫言的招娣来娣各种娣
百年孤独,桃兜兜,2011-11-02,50.0,乌尔苏拉，这个老女人，性格错综复杂，晚年对事物的清晰洞查，还是没有摆脱自身的积久的缺陷。而蕾梅黛丝的自由纯净，她的生活方式是我向往并追求的。她聪明又善良。阿玛兰黛．乌尔苏拉家族苍凉枷锁下，倔强的向日葵。费尔南达，这个悲哀到脚底的女人，简直不忍心拿什么去催毁她，这具理教的骷髅。
百年孤独,一湄,2011-06-12,50.0,世界新生伊始，许多事物还没有名字，提到的时候尚需用手指指点点。
百年孤独,大中分,2013-09-23,50.0,人生毫无意义
百年孤独,骑桶人,2016-01-23,50.0,最后一个奥雷里亚诺同时也是阿尔卡蒂奥，最后一个阿玛兰妲同时也是乌尔苏拉，也是丽贝卡，也是雷梅苔丝。落入爱与欲的深渊中。但即便是《百年孤独》的结尾也是强加的。因为每一部小说都应该是重复的和永恒的，没有开头，也不应该有结局。《百年孤独》没有开头，而《城堡》则没有结尾。
百年孤独,大头绿豆,2013-08-07,50.0,沉淀着人类永恒的孤独感。所有苍凉平静短促离乱的场景都令人着迷，众人数行间被如椽巨笔一刀毙命你甚至来不及停顿。曾因书名沉重望而却步，原也以为会是艰苦漫长的阅读过程，但只用了三个晚上，毕竟，我已经到了这个年纪。范晔的译本极好，毫无阻滞。
百年孤独,息为,2014-04-07,40.0,用了一百年，用了七代人，用了二十六万字，用了马尔克斯一生的经历，用了无数读者的体会，诠释了两个字：“孤独”。
百年孤独,小尾巴mori,2013-11-05,50.0,前后看了五遍家族图谱才敢翻开这本书，事实证明，好书不止读一遍，故事内容大气磅礴，只是名字实在太搞
百年孤独,陈允然,2012-06-29,50.0,初中g借给我，现在还没还。
百年孤独,曾于里,2013-11-14,,我实在读不懂阎连科，感觉他近来每一部长篇都在模仿《百年孤独》，于是我又把百年读了一遍，他学不来。一个关键点：《百年孤独》像是出自8岁儿童之口，而阎连科小说的叙述者永远是占据道德高地、真理在我、情绪激昂到近乎失常。
百年孤独,★Lachesis★,2012-03-11,50.0,一天读完后俨然得了时间感错乱症……
百年孤独,银谷,2011-08-07,50.0,一切繁荣最终都会走向衰败。
百年孤独,魔云兽,2014-06-26,50.0,后半本没有前半本好看。读完这本想到一点和这本书关系不大的事情。作家虽然给你营造了极强的画面感，但是他们写作的时候未必是以画面感入手的，塑造一个角色后如果抛弃画面感写作，而是以性格推进，那么从受众看来这样的文字也一样会具有画面感。从读者到写作者可能需要跨越的正是这种东西。
百年孤独,码农白兰度,2017-04-09,50.0,"让一让, 母牛们, 生命短暂啊"
百年孤独,阿科,2011-11-12,50.0,怎么列必读书籍都绕不开此书。
百年孤独,陈毓秀,2014-04-18,50.0,虽然很喜欢《百年孤独》的开头，但一想到马尔克斯生前给拉美无数独裁政权站队，甚至跟卡斯特罗称兄道弟，心里就全不是滋味。知识分子为民请命这并无过错，有错的是最后演变到为虎作伥，还不如不做这一行。二十世纪的左派远不如十九世纪的左派，真是一代不如一代。
百年孤独,肖浑,2014-05-30,50.0,虽然很难读，但若要分析也能说出个一二三四五，而且语言是确乎无疑的好，但这些都不重要，重点是：这本书治好了我的失眠症！
百年孤独,琴  酒,2012-08-31,50.0,充滿了隱秘刺痛感的小說，我讀到了一代一代不枯竭的情欲，讀到一個時代的崛起和敗落，讀到神話和科學的交替，讀到命運。一本隱秘而感傷的回憶錄。
百年孤独,看不见的城市,2011-08-27,50.0,相对于黄锦炎译本，范晔的译笔显得更为旖旎悠长。无数长镜版的句子在蔓延于章节之间，如同马孔多的历史一般瑰丽魔幻。对我们这一代人而言，百年孤独不仅是经典，更是记忆。
百年孤独,袁长庚,2011-06-02,50.0,我读过的最好的长篇小说，没有之一
百年孤独,海樹,2012-05-29,50.0,生命在於創造啊，即使創造歸於虛無…願你如這個家族的人一樣最後在終極的孤獨里能獲得真正的平靜，而我們這種活著時總在追蹤某種變化之物的人，必不能無疾而終。
百年孤独,卖萌无耻。,2014-04-01,30.0,来来回回看了好几篇，不明白为何如此火
百年孤独,Sarcophagus,2013-07-21,50.0,回忆没有归路，春天总是一去不返。/登上一趟永无终点的火车…仿佛将一首飞逝的长诗撕成碎片向着遗忘之乡一路抛洒。/至多好像有人在敞开的窗户前观赏四月凝远的暮色时发出的轻叹……新译本两年前购入，范晔先生译笔令人赞佩。如何用冰河的（无）时间感来书写历史？
百年孤独,骨小头,2012-05-08,50.0,赶在外国文学经典老师讲解之前把它看完了，完全同意小舞的观点，外国文学的璀璨实在是无法穷尽啊！每个名字相似可是人生完全不同的主角们，有着正常人没办法理解的生，有着普通人没办法想象的死，每个人都不同。感叹作者惊人的想象力，把马孔多描述成这么光怪陆离色彩鲜艳的虚无城市，开始的时候慢慢涂上颜色，最后却倒上一桶黑色的油漆让一切都归于沉寂。为什么没有六星？
百年孤独,代号273,2011-12-17,30.0,终于读完了，三星给的是文本而非翻译。可以说作品味同嚼蜡，若不是享有盛名不可能支撑我把它读完。亦或正是这个原因使得曾经多次没能有勇气或兴趣去读。虽说它可以算得上是写家族史的巅峰之作了吧，但真的不是我的菜。
百年孤独,玄辂,2013-06-16,50.0,建议列个人名和家谱会比较好读
百年孤独,幻蓝,2014-03-21,50.0,眼见他起高楼，眼见他宴宾客，眼见他楼塌了
百年孤独,朱老板,2017-07-15,50.0,多年以后，面对三星S8和AirPod，我又复盘了一次人类最长流水账。感谢喜马拉雅。
百年孤独,欢乐分裂,2011-08-16,50.0,之前读的是云南人民出版社吴健恒的版本，口语化较随意，相比现在盛行的家谱，这个版本早就有，因读过至少3遍，早就烂熟于胸；没看过其它版本，但此版本够好，用词讲究典雅工整，句子稍长，句式更文艺；重温的过程，失去了初读探索的惊艳和一气呵成，但更注重细节的转承起合。
百年孤独,饱肚师叔,2014-06-14,50.0,第一次读《百年孤独》是在武汉图书馆，四年前的六月，那个时候他坐在我对面帮我写物理试卷，在夏季的暴雨里对一切置若罔闻。如今重读，恍惚间我突然开始怀疑一切回忆里的光芒是否只是我凭空臆想。“过去都是假的，回忆没有归路，春天总是一去不返，最疯狂地执着的爱情也终究是过眼云烟。”
百年孤独,bekey,2018-06-13,50.0,人这辈子，终其一生，陪伴最久、最懂自己的永远是自己。每个人都是孤独的，所以要努力的走出去，让自己懂得和成长，让自己接触更多有意思的东西，丰富生活，丰富人生，度过这漫长孤独。如果这一世有幸有相通的灵魂相伴，那便何其有幸又何谈容易！好好爱自己！
百年孤独,恪彥,2012-07-22,50.0,＂西安在下雨＂...迟来的Autumn希望你会明白...
百年孤独,鸟川芥,2014-01-13,,写的真好，虽说记不住里面人物名
百年孤独,小二,2012-02-23,50.0,读过英文的，这次读中文的感受又不一样。一本伟大的书。
百年孤独,诸葛若见,2012-04-04,50.0,我们生来就是孤独
百年孤独,L'air bleu,2011-09-13,50.0,看完《百年孤独》的那个下午，我似乎隐隐能接受爸爸最终可能会离开这个事实。半个月以后，爸爸离开了
百年孤独,江凌,2016-08-10,50.0,读了好几年，每次都是半途而废，捡起来重读的时候发现情节甚至人物都忘光了，只得重读，如是往返，还是在读状态。今天终于读完了。
百年孤独,小鹿杰尼,2011-07-17,50.0,这是一部《圣经》，并且我确信我会不止一遍的读它。
百年孤独,冬瓜,2014-08-13,50.0,天快亮了，我合上这本书的最后一页，久久回不过神来。
百年孤独,陈小北,2013-02-01,50.0,“他看完了这本书的最后一页，然后把自己关在房间里，痛哭。他认为自己终于印证了心里那个许久以来的坏念头，每个人都瞎鸡巴相爱，然后瞎鸡巴死，我们生来就瞎鸡巴孤独。”这事儿好像是个死循环，好多事儿都是死循环，这其实并没什么不好，咕嘟的久一点儿才进滋味儿，看淡点儿百年也不是什么大事儿。
百年孤独,Visin,2013-09-25,50.0,我来是为了王的下葬。
百年孤独,陈灼,2011-06-05,50.0,仿佛激活了所有的记忆
百年孤独,昏金暗玉,2013-11-13,40.0,最后一句的存在比全书所能表达的还要多。想象由此诞生，无边的沼泽由此下沉，它是不折不扣的魔法，也是百分之百的咒语。
百年孤独,Adiósardour,2012-09-01,40.0,遵循“变现实为幻想而又不失其真”的魔幻现实主义创作原则，经过巧妙的构思和想象，把触目惊心的现实和源于神话传说的幻想结合起来，形成色彩斑斓，风格独特的图画。浸淫着的孤独感，应该是对整个苦难的拉丁美洲被排斥现代文明世界的进程之外的愤懑，对拉丁美洲近百年的历史，和生存状态的巨大自信。
百年孤独,眠去,2011-07-01,,嘿嘿，今年这本书人手一册了吧
百年孤独,小狮,2012-09-23,50.0,第三次买了。不知道为什么每次买的都怎么也找不着了。
百年孤独,向亦异,2012-10-08,50.0,足以给外星人展示的人类文明
百年孤独,苏大美,2011-07-01,50.0,多年以后，当苏大美回忆起她读完《百年孤独》的那个下午，她将仍然确信，这作者绝逼不是马尔克斯，这他妈的明明就是上帝本人写的。并，赞翻译。
百年孤独,苏豆芽,2014-04-23,50.0,4月里大概是2天的时间读完的，同一周内还看了《霍乱~ 非常喜欢。之前一直读不进去，现在却正好就读进去了，而且非常着迷。会一直想再看的书。或许也可以找找其他的翻译版本看。#4月底的整理#
百年孤独,柴犬妹妹,2011-09-17,50.0,原谅我的词穷。最后的戛然而止让人觉得心里空落落的。
百年孤独,芒芒,2015-11-24,50.0,像一場痛徹心扉的性愛。
百年孤独,刘教练,2012-04-27,50.0,这部配上《Viva La Vida》太合适了！
百年孤独,Bless_U,2018-03-12,40.0,一个家族里面各个人物的沉沉浮浮是时代更迭的写照，虽然被一大堆冗长又重复的人物姓名弄得有点晕，但值得啃一啃。
百年孤独,川貝,2012-11-23,50.0,叙事酣畅环环入扣读来翻页都丝滑，想象奇诡虚实相生细品掩卷可通仙。百年岁月沧桑说孤独，七代族人兴衰叹寂寥，集读者可娱乐性及评论家可胡诌性等诸多感慨于一身，阅读过程中可数祖嗫嚅变换各种姿势与表情，是一本可读可亵玩的好书——“让一让，母牛们，生命短暂啊！
百年孤独,Cambrian,2014-01-16,30.0,多年以后，面对桌上的新版封面，我意识到自己将重新检视那个已经显得遥远的午后时刻自己的反应，病公子在县委办公室说新译本文采灿然可观。那时出版社刚刚开始圈钱数钱，许多人又重新开始提起魔幻现实主义，我也没想到会是在如此久以后，靠在朋友空荡荡的卧室大椅子上，感觉自己极端正确一贯正确还会冲淡平和地正确下去
百年孤独,POENA  DANMI,2013-02-01,,对我这种三俗的人来说这种书没什么启示意义
百年孤独,姬月梅,2018-06-11,50.0,永远读不下的书。
百年孤独,prayer,2017-11-27,50.0,马尔克斯把当时的南美描述了出来被称为魔幻现实主义，如果有人把这几年的北京用小说表现出来呢？
百年孤独,梅花牛,2013-04-22,40.0,像一个大纲文，人物也好复杂，必须列人物关系表啊。莫言的《生死疲劳》时绝对有这书的影子。
百年孤独,琸洳,2014-04-30,50.0,一个家族的百年历史，是男人们疯狂的念头们，沉迷于创造、新奇、革命、战争、情爱、欢愉、历史、文字、反叛与流浪，父辈们开辟一方，子孙在喧嚣中狂欢与毁灭。这历史同样是女人们时而愚蠢时而蓬勃的顽固守护，维持产业维系家族，渴望而又拒绝的爱情，永不曾放下的骄傲，纯真自然的美，还有幻灭。每一个段落都似有生命一般，或热烈或沉寂，叩击心房。每一个个体的疯狂与坚守，抵御着人类从不曾取胜过的孤寂与死亡。而多年以后，面对父亲的臂膀与常常的甬道，她会想起拐进学校旁边的小书店里买下这本书的那个下午。
百年孤独,绿毛水怪,2011-07-10,40.0,柔情四溢，很容易读但是也很容易陷入马孔多灰尘飞扬炎热懒散思绪模糊的状态中，历史是个圈。
百年孤独,吧啦,2011-07-11,50.0,"很久以前断断续续的阅读,只留下了对一些片段和词语的零星记忆.这次买来新版再读,全然不同的阅读体验,一口气读完,震撼不已.果然,读书与阅人一样,是需要时间作铺垫的."
百年孤独,boring monkey,2011-06-30,50.0,封面没想象中有质感...翻译真的不错啊
百年孤独,我家在大洼,2014-01-31,30.0,读过来读过去感觉其实一直在说同一个故事
百年孤独,天才+英雄,2015-02-11,50.0,信马由缰起，怅然若失完。脑洞开到这份上，真是跪了。用马尔克斯自己的话送你——不会有第二次机会出现。晚安
百年孤独,梦梦,2017-12-23,40.0,觉得其实自己也是个孤独的人，但是却不是那种孤独，每一个人都有自己的孤独，没有孤独也就没有了一些价值，孤独有时候也是一种寄托一种宝贵财富
百年孤独,蔌弦,2012-01-22,50.0,完全是一本旧约
